"","baseMean","log2FoldChange","lfcSE","stat","pvalue","padj","Kingdom","Phylum","Class","Order","Family","Genus","Species"
"CCTGTTTGCTCCCCACGCTTTCGTGCCTCAGCGTCAGTTGTGAGCCAGAAAGCCGCTTTCGCCTCTGGTGTTCTTCCTAATATCTGCGAATTTCACCTCTACACTAGGAATTCCACTTTCCTCTCTCACACTCTAGCTCTTCAGTTTAAAACGCACTTCCTGGGTTAAGCCCAGGGCTTTCACGCCTTACTTAAAGAACCGCCTACGCACCCTTTACGCCCAGTCATTCCGAGCAACGCTAGTCCCCTCCGTATTACCGCGGCTGCTGGCACGGAGTTAGCCGGGACTTCTTTTCCTGCTACCGTCATTATCGTCACAGGCGAAAGAACTTTACAACCCGAAGGCCTTTTTCATTCACGCGGCATTGCTGGATCAGGGTTTCCCCCATTGTCCAATATTCCCCA",879.2595834627,26.8863216503002,3.30745998093091,8.12899379140269,4.32868481928904e-16,1.15359450434053e-14,"Bacteria","Proteobacteria","Alphaproteobacteria","Holosporales","Holosporaceae",NA,NA
"CCCATTTGCTACCCTAGCTTTCGTCTCTCAGTGTTAGTAATAGCCCAGTAAAGTGCCTTCGCCATCGGTGTTCTTTCCAATATCTACGCATTTCACCGCTCCACTGGAAATTCCCTTTACCCCTACTATACTCTAGTCAAGCAGTTTCGACTGCGATTTTGAGGTTAAGCCTCAAGATTTAACAGTTGACTTACTTAACCACCTACAGACGCTTTACGCCCAGTGATTCCGGATAACACTTGCATCCCCCGTCTTACCGCGGCTGCTGGCACGGAGTTAGCCGATGCTTATTCTTCAGGTACACGTCATTTTGTTCCTCCCTGAAAAAAGAGGTTTACAACCCATAGGCCTTCATCCCTCACGCGGTATTGCTCCGTCAGGCTTTCGCCCATTGCGGAAAATTCCCCA",55.4080877376309,23.0251509772039,2.41626860871934,9.52921827238716,1.58472022927614e-21,1.40775980367364e-19,"Bacteria","Cyanobacteria","Cyanobacteriia","Chloroplast",NA,NA,NA
"CCCATTTGCTACCCTAGCTTTCGTCTCTGAGTGTCAGTAATAGCCCAGTAAAGTGCCTTCGCCATCGGTGTTCTTTCCAATCTCTACGCATTTCACCGCTCCACTGGAAATTCCCTTTACCTCTACTATACTCTAGTCCGATAGTTTCGACTGCGATTTTGAAGTTGAGCTTCAAGATTTAACAGTTGACTTGTCGAGCCACCTACAGACGCTTTACGCCCAGTGATTCCGGATAACACTTGCATCCTCCGTCTTACCGCGGCTGCTGGCACGGAGTTAGCCGATGCTTATTCTTCAGGTACACGTCATTTATTCCTCCCTGAAAAAAGAGGTTTACAACCCATAGGCAGTCATCCCTCACGCGGTATTGCTCCGTCAGGCTTTCGCCCATTGCGGAAAATTCCCTA",77.2427200071489,22.8343846467363,2.31331985612777,9.87082896740376,5.57023457847465e-23,1.48446751516349e-20,"Bacteria","Cyanobacteria","Cyanobacteriia","Chloroplast",NA,NA,NA
"CCTGTTTGCTCCCCACGCTTTCGTGCATGAGCGTCAGTACAGGTCCAGGGGATTGCCTTCGCCATCGGTGTTCCTCCGCATATCTACGCATTTCACTGCTACACGCGGAATTCCATCCCCCTCTACCGTACTCTAGCGATGCAGTCACAAATGCAGGTCCCAGGTTGAGCCCGGGGATTTCACATCTGTCTTACATCACCGCCTGCGCACGCTTTACGCCCAGTAATTCCGATTAACGCTCGCACCCTACGTATTACCGCGGCTGCTGGCACGTAGTTAGCCGGTGCTTATTCTTACGGTACCGTCATTAGCAAGCTGTATTAGAGCTCGCCGTTTCGTTCCGTACAAAAGCAGTTTACAACCCGAAGGCCTTCATCCTGCACGCGGCATTGCTGGATCAGGCTTGCGCCCATTGTCCAAAATTCCCCA",69.5620505815151,22.9445909512219,2.28155907336042,10.0565403802706,8.5966351674988e-24,4.58200654427686e-21,"Bacteria","Proteobacteria","Gammaproteobacteria","Burkholderiales","Comamonadaceae","Rhodoferax",NA
"CCCATTTGCTACCCTAGCTTTCGTCTCTCAGTGTTAGTAATAGCCCAGTAAAGTGCCTTCGCCATCGGTGTTCTTTCCAATATCTACGCATTTCACCGCTCCACTGGAAATTCCCTTTACCCCTACTATACTCTAGTCAAACAGTTTCGACTGCGATTTTGAAGTTAAGCCTCAAGATTTAACAGTTGACTTATTTAACCACCTACAGACGCTTTACGCCCAGTGATTCCGGATAACACTTGCATCCCCCGTCTTACCGCGGCTGCTGGCACGGAGTTAGCCGATGCTTATTCTTCAGGTACACGTCATTTATTCCTCCCTGAAAAAAGAGGTTTACAACCCATAGGCCTTCATCCCTCACGCGGTATTGCTCCGTCAGGCTTTCGCCCATTGCGGAAAATTCCCCA",49.7875315847951,22.8687296420973,2.61207789668996,8.75499527448115,2.04112037242531e-18,7.77083684644778e-17,"Bacteria","Cyanobacteria","Cyanobacteriia","Chloroplast",NA,NA,NA
"CCTGTTTGCTCCCCACGCTTTCGTGCATGAGCGTCAGTACAGGTCCAGGGGATTGCCTTCGCCATCGGTGTTCCTCCGCATATCTACGCATTTCACTGCTACACGCGGAATTCCATCCCCCTCTACCGTACTCTAGCGATGCAGTCACAAATGCAGGTCCCAGGTTGAGCCCGGGGATTTCACATCTGTCTTACATCACCGCCTGCGCACGCTTTACGCCCAGTAATTCCGATTAACGCTCGCACCCTACGTATTACCGCGGCTGCTGGCACGTAGTTAGCCGGTGCTTATTCTTACGGTACCGTCATTAGCAAACTGTATTAGAGCTCGCCGTTTCGTTCCGTACAAAAGCAGTTTACAACCCGAAGGCCTTCATCCTGCACGCGGCATTGCTGGATCAGGCTTGCGCCCATTGTCCAAAATTCCCCA",61.3013686232033,21.8612805994918,2.40742440180504,9.0807755305216,1.07803944352266e-19,7.18243779246974e-18,"Bacteria","Proteobacteria","Gammaproteobacteria","Burkholderiales","Comamonadaceae","Rhodoferax",NA
"CCTGTTCGCTACCCACGCTTTCGTCCATCAGCGTCAATCCATTAGTAGTAACCTGCCTTCGCAATTGGTATTCCATGTAATCTCTAAGCATTTCACCGCTACACTACATATTCTAGTTACTTCCTAATAATTCAAGTTAAACAGTATCAATGGCCGTTCCACCGTTGAGCGATGGGCTTTCACCACTGACTTATCTAACCGCCTACGGACCCTTTAAACCCAATGATTCCGGATAACGCTTGGATCCTCCGTATTACCGCGGCTGCTGGCACGGAGTTAGCCGATCCTTATTCTTACGATACCGTCAAGCTCCTTCACGAAGGAGTGTTTCTTCTCGTATAAAAGCAGTTTACAATCCATAGGACCGTCATCCTGCACGCGGCATGGCTGGTTCAGGCTTGCGCCCATTGACCAATATTCCTCA",123.517112182487,24.0191318795165,2.65680415903835,9.0406106139981,1.55799069625862e-19,7.54917310096223e-18,"Bacteria","Bacteroidota","Bacteroidia","Flavobacteriales","Flavobacteriaceae","Flavobacterium","tructae"
"CCTGTTCGCTACCCACGCTTTCGTCCATCAGCGTCAATCCATTAGTAGTAACCTGCCTTCGCAATTGGTATTCCATGTAATCTCTAAGCATTTCACCGCTACACTACATATTCTAGTTACTTCCTAATAATTCAAGTTAAACAGTATCAATGGCCGTTCCACCGTTGAGCGATGGGCTTTCACCACTGACTTATCTAACCGCCTACAGACCCTTTAAACCCAATGATTCCGGATAACGCTTGGATCCTCCGTATTACCGCGGCTGCTGGCACGGAGTTAGCCGATCCTTATTCTTACGATACCGTCAAGCTCCTTCACGAAGGAGTGTTTCTTCTCGTATAAAAGCAGTTTACAATCCATAGGACCGTCATCCTGCACGCGGCATGGCTGGTTCAGGCTTGCGCCCATTGACCAATATTCCTCA",117.19483928473,24.0646734997999,2.65481426173161,9.06454129265662,1.25129631478604e-19,7.41045484201066e-18,"Bacteria","Bacteroidota","Bacteroidia","Flavobacteriales","Flavobacteriaceae","Flavobacterium",NA
"CCCATTTGCTACCCTAGCTTTCGTCTCTGAGTGTCAGTAATAGCCCAGTAAAGTGCCTTCGCCATCGGTGTTCTTTCCAATATCTACGCATTTCACCGCTCCACTGGAAATTCCCTTTACCTCTACTATACTCTAGTCCGATAGTTTCGACTGCGATTTTGAAGTTGAGCTTCAAGATTTAACAGTTGACTTATCGAGCCACCTACAGACGCTTTACGCCCAGTGATTCCGGATAACACTTGCATCCTCCGTCTTACCGCGGCTGCTGGCACGGAGTTAGCCGATGCTTATTCTTCAGGTACACGTCATTTATTCCTCCCTGAAAAAAGAGGTTTACAACCCATAGGCAGTCATCCCTCACGCGGTATTGCTCCGTCAGGCTTTCGCCCATTGCGGAAAATTCCCTA",81.6163789839983,23.5657819864498,3.25762532711263,7.23403695026436,4.68844122135568e-13,1.13588144135572e-11,"Bacteria","Cyanobacteria","Cyanobacteriia","Chloroplast",NA,NA,NA
"CCTGTTCGCTCCCCACGCTTTCGTCCATCAGCGTCAATAACTTGTTAGTAACCTGCCTTCGCAATTGGTATTCCATGTAATATCTAAGCATTTCACCGCTACACTACATATTCTAGTTACTTCACAAGCATTCAAGTCCTACAGTATCAATGGCAGTTCCATCGTTGAGCGATGGGCTTTCACCACTGACTTATAAGACCGCCTACGGACCCTTTAAACCCAATGATTCCGGATAACGCTTGGATCCTCCGTATTACCGCGGCTGCTGGCACGGAGTTAGCCGATCCTTATTCCTACAGTACCGTCAAGCCTCCACACGTGGAGGTGTTTCTTCCTGTATAAAAGCAGTTTACAATCCATAGGACCGTCTTCCTGCACGCGGCATGGCTGGTTCAGGCTTGCGCCCATTGACCAATATTCCTCA",119.794180206946,24.0982435548538,2.49224042884222,9.66930929936352,4.07116382212519e-22,6.53841110851891e-20,"Bacteria","Bacteroidota","Bacteroidia","Flavobacteriales","Flavobacteriaceae","Flavobacterium","cheniae"
"CCTGTTTGCTCCCCACGCTTTCGTGCATGAGCGTCAGTGCAGGCCCAGGGGATTGCCTTCGCCATCGGTGTTCCTCCGCATATCTACGCATTTCACTGCTACACGCGGAATTCCATCCCCCTCTGCCGCACTCTAGCTTTGCAGTCACAAAGGCAGTTCCCAGGTTGAGCCCGGGGATTTCACCTCTGTCTTACAAAACCGCCTGCGCACGCTTTACGCCCAGTAATTCCGATTAACGCTTGCACCCTACGTATTACCGCGGCTGCTGGCACGTAGTTAGCCGGTGCTTATTCTTACGGTACCGTCATCAACAACCCGTATTAGAGGTCGCCTTTTCGTTCCGTACAAAAGCAGTTTACAACCCGAAGGCCTTCATCCTGCACGCGGAATGGCTGGATCAGACTTGCGTCCATTGTCCAAAATTCCCCA",91.1295805241425,23.7184726544759,2.45857016534322,9.64726286392755,5.04852352721734e-22,6.53841110851891e-20,"Bacteria","Proteobacteria","Gammaproteobacteria","Burkholderiales","Comamonadaceae",NA,NA
"CCTGTTTGCTCCCCACGCTTTCGTGCATGAGCGTCAGTGCAGGCCCAGGGGATTGCCTTCGCCATCGGTGTTCCTCCGCATATCTACGCATTTCACTGCTACACGCGGAATTCCATCCCCCTCTGCCGCACTCAAGCTATGCAGTCACAAAGGCAGTTCCCAGGTTGAGCCCGGGGATTTCACCTCTGTCTTACATAACCGCCTGCGCACGCTTTACGCCCAGTAATTCCGATTAACGCTTGCACCCTACGTATTACCGCGGCTGCTGGCACGTAGTTAGCCGGTGCTTATTCTTCAGGTACCGTCATCCCCCCGAGGTATTAGCTCAAAGGATTTCTTCCCTGACAAAAGCGGTTTACAACCCGAAGGCCTTCTTCCCGCACGCGACATGGCTGGATCAGACTTTCGTCCATTGTCCAAAATTCCCCA",48.5911275502171,22.8449764580901,2.92267402472934,7.81646405476427,5.43278222042569e-15,1.37889186832709e-13,"Bacteria","Proteobacteria","Gammaproteobacteria","Burkholderiales","Comamonadaceae","Ideonella",NA
"CCTGTTTGCTCCCCACGCTTTCGTGCATGAGCGTCAGTACAGGTCCAGGGGATTGCCTTCGCCATCGGTGTTCCTCCGCATATCTACGCATTTCACTGCTACACGCGGAATTCCATCCCCCTCTACCGTACTCTAGCTATGCAGTCACAAAGGCAGTTCCCAGGTTGAGCCCGGGGATTTCACCTCTGTCTTGCATAACCGCCTGCGCACGCTTTACGCCCAGTAATTCCGATTAACGCTTGCACCCTACGTATTACCGCGGCTGCTGGCACGTAGTTAGCCGGTGCTTATTCTTACGGTACCGTCATGAGCCCGCCGTATTAAGGCTGACTTTTTCGTTCCGTACAAAAGCAGTTTACAACCCGAAGGCCTTCATCCTGCACGCGGAATGGCTGGATCAGACTTTCGTCCATTGTCCAAAATTCCCCA",28.461056920558,21.9527641102713,2.55436576314313,8.59421325912958,8.38371983824627e-18,2.97901511585684e-16,"Bacteria","Proteobacteria","Gammaproteobacteria","Burkholderiales","Comamonadaceae","Limnohabitans",NA
"CCTGTTTGCTCCCCACGCTTTCGTGCATGAGCGTCAGTGCAGGCCCAGGGGATTGCCTTCGCCATCGGTGTTCCTCCGCATATCTACGCATTTCACTGCTACACGCGGAATTCCATCCCCCTCTGCCGCACTCTAGCTTTGCAGTCACAAAGGCAGTTCCCAGGTTGAGCCCGGGGATTTCACCTCTGTCTTACAAAACCGCCTGCGCACGCTTTACGCCCAGTAATTCCGATTAACGCTTGCACCCTACGTATTACCGCGGCTGCTGGCACGTAGTTAGCCGGTGCTTATTCTTACGGTACCGTCATCAGCAACCCGTATTAGAGGTCACCTTTTCGTTCCGTACAAAAGCAGTTTACAACCCGAAGGCCTTCATCCTGCACGCGGAATGGCTGGATCAGACTTTCGTCCATTGTCCAAAATTCCCCA",82.9430493640691,23.5297261637544,2.44406983805089,9.62727242791027,6.13359391043049e-22,6.53841110851891e-20,"Bacteria","Proteobacteria","Gammaproteobacteria","Burkholderiales","Comamonadaceae",NA,NA
"CCTGTTTGCTCCCCACGCTTTCGTGCATGAGCGTCAGTGCAGGCCCAGGGGATTGCCTTCGCCATCGGTGTTCCTCCGCATATCTACGCATTTCACTGCTACACGCGGAATTCCATCCCCCTCTGCCGCACTCTAGCTTTGCAGTCACAAAGGCAGTTCCCAGGTTGAGCCCGGGGATTTCACCTCTGTCTTACAAAACCGCCTGCGCACGCTTTACGCCCAGTAATTCCGATTAACGCTTGCACCCTACGTATTACCGCGGCTGCTGGCACGTAGTTAGCCGGTGCTTATTCTTACGGTACCGTCATCAACAACCCGTATTAGAGGTCGCCTTTTCGTTCCGTACAAAAGCAGTTTACAACCCGAAGGCCTTCATCCTGCACGCGGAATGGCTGGATCAGACTTTCGTCCATTGTCCAAAATTCCCCA",76.6121433384984,21.381323445122,2.44075017273511,8.76014419007991,1.95000775853688e-18,7.77083684644778e-17,"Bacteria","Proteobacteria","Gammaproteobacteria","Burkholderiales","Comamonadaceae",NA,NA
"CCTGTTTGCTCCCCACGCTTTCGTGCATGAGCGTCAGTGCAGGCCCAGGGGATTGCCTTCGCCATCGGTGTTCCTCCGCATATCTACGCATTTCACTGCTACACGCGGAATTCCATCCCCCTCTGCCGCACTCTAGCTTTGCAGTCACAAAGGCAGTTCCCAGGTTGAGCCCGGGGATTTCACCTCTGTCTTACAAAACCGCCTGCGCACGCTTTACGCCCAGTAATTCCGATTAACGCTTGCACCCTACGTATTACCGCGGCTGCTGGCACGTAGTTAGCCGGTGCTTATTCTTACGGTACCGTCATCAACAACCCGTATTAGGGGCCGCCTTTTCGTTCCGTACAAAAGCAGTTTACAACCCGAAGGCCTTCATCCTGCACGCGGAATGGCTGGATCAGACTTTCGTCCATTGTCCAAAATTCCCCA",57.0604879596126,22.8255026149243,2.4131524999436,9.45878995026538,3.11527282098732e-21,2.37205773369463e-19,"Bacteria","Proteobacteria","Gammaproteobacteria","Burkholderiales","Comamonadaceae",NA,NA
"CCTGTTTGCTCCCCACGCTTTCGTGCCTGAGCGTCAGATGTGGTTTTGTTAGCTGCCTTCGCAATCGGTGTTCTGTGTGATATCTAAGCATTTCACCGCTACACCACACATTCCGCCAACAGCAACCACTCTCAAGCCCGACAGTATCAGAGGCAGTTCCGTAGTTGAGCTACGGGCTTTCACCTCTAACTTACCGGGCCGCCTGCGCACCCTTTAAACCCAATAAATCCGGATAACGCTTGGATCCTCCGTATTACCGCGGCTGCTGGCACGGAGTTAGCCGATCCTTATTCGTACAATACTTTCAACTATCTACACGTAGATAGGGTTACTCTTGTACAAAAGCAGTTTACAACTCATAGAGCCGTCATCCTGCACGCGGCATGGCTGGTTCAGACTTGCGTCCATTGACCAATATTCCTCA",14.0885173645888,-24.2526405489731,2.96041607130905,-8.19230809615519,2.56263624304474e-16,7.58825065301583e-15,"Bacteria","Bacteroidota","Bacteroidia","Bacteroidales","Rikenellaceae","Alistipes",NA
"CCTGTTTGCTCCCCACGCTTTCGTGCATGAGCGTCAGTGCAGGCCCAGGGGATTGCCTTCGCCATCGGTGTTCCTCCGCATATCTACGCATTTCACTGCTACACGCGGAATTCCATCCCCCTCTGCCGCACTCTAGCTTTGCAGTCACAAAGGCAGTTCCCAGGTTGAGCCCGGGGATTTCACCTCTGTCTTACAAAACCGCCTGCGCACGCTTTACGCCCAGTAATTCCGATTAACGCTTGCACCCTACGTATTACCGCGGCTGCTGGCACGTAGTTAGCCGGTGCTTATTCTTACGGTACCGTCATCAGCAACCCGTATTAGAGGTCGCCTTTTCGTTCCGTACAAAAGCAGTTTACAACCCGAAGGCCTTCATCCTGCACGCGGAATGGCTGGATCAGACTTTCGTCCATTGTCCAAAATTCCCCA",44.3995887299023,22.7194700435381,2.72168960925298,8.34756100265744,6.96870396647009e-17,2.32144950883035e-15,"Bacteria","Proteobacteria","Gammaproteobacteria","Burkholderiales","Comamonadaceae",NA,NA
"CCTGTTCGCTACCCACGCTTTCGTCCATCAGCGTCAATCCATTTGTAGTAACCTGCCTTCGCAATTGGTATTCCATGTAATCTCTAAGCATTTCACCGCTACACTACATATTCTAGTTACTTCCAAATAATTCAAGTCTAACAGTATCAATGGCCGTTCCACCGTTGAGCGATGGGATTTCACCACTGACTTATTAAACCGCCTACGGACCCTTTAAACCCAATGATTCCGGATAACGCTTGGATCCTCCGTATTACCGCGGCTGCTGGCACGGAGTTAGCCGATCCTTATTCCTACAGTACCGTCAATCTACCTCACGAGATAGGGTTTCTTCCTGTATAAAAGCAGTTTACACACCATAGATGCGTCTTCCTGCACGCGGCATGGCTGGTTCAGGCTTGCGCCCATTGACCAATATTCCTCA",36.4775965749484,22.4456781734656,2.69291505385119,8.33508585477495,7.74419785784924e-17,2.42803379896097e-15,"Bacteria","Bacteroidota","Bacteroidia","Flavobacteriales","Flavobacteriaceae","Flavobacterium",NA
"CCTGTTCGCTCCCCACGCTTTCGTCCATCAGCGTCAATATATTAGTAGTAACCTGCCTTCGCAATTGGTATTCCATGTAATATCTAAGCATTTCACCGCTACACTACATATTCTAGTTACTTCCTAATAATTCAAGTCTAACAGTATCAATGGCCGTTTGATCGTTAAGCGACCAGATTTCACCACTGACTTATTAAACCGCCTACGGACCCTTTAAACCCAATGATTCCGGATAACGCTTGGATCCTCCGTATTACCGCGGCTGCTGGCACGGAGTTAGCCGATCCTTATTCTTACAGTACCGTCAAGTCACTACACGTAGTGGTGTTTCTTCCTGTATAAAAGCAGTTTACAATCCATAGGACCGTCTTCCTGCACGCGGCATGGCTGGATCAGGCTTGCGCCCATTGTCCAATATTCCTCA",32.5441638762837,22.2854381581916,2.50120759243761,8.90987146591572,5.10917608219572e-19,2.26932570984193e-17,"Bacteria","Bacteroidota","Bacteroidia","Flavobacteriales","Flavobacteriaceae","Flavobacterium",NA
"CCCATTTGCTACCCTAGCTTTCGTCTCTGAGTGTTAGTAATAGCCCAGTAAAGTGCTTTCGCCATCGGTGTTCTTTCCAATATCTACGCATTTCACCGCTCCACTGGAAATTCCCTTTACCTCTACTATACTCTAGTCTAATAGTTTCGACTGCGATTTTGAAGTTGAGCCATCAAGATTTAACAGTTGACTTATTAAACCACCTACAGACGCTTTACGCCCAGTGATTCCGGATAACACTTGCATCCTCCGTCTTACCGCGGCTGCTGGCACGGAGTTAGCCGATGCTTATTCTTCAGGTACACGTCATTTGATTCCTCCCTGAAAAAAGAGGTTTACAACCCATAGGCATTCTTCCCTCACGCGGTATTGCTCCGTCAGGCTTTCGCCCATTGCGGAAAATTCCCCA",18.2064138943736,20.3468510966929,2.83897593723476,7.16696849375596,7.6676669233388e-13,1.77689846527808e-11,"Bacteria","Cyanobacteria","Cyanobacteriia","Chloroplast",NA,NA,NA
"CCTGTTTGATCCCCGCACTTTCGTGCCTCAGCGTCAGTTATAGTTTCGTTAGCTGCCTTCGCAATCGGTGTTCTATGACATATCTAAGTATTTCACCACTACATGTCATATTCCGCCAACGTCATCTATACTCTAGACTAACAGTATCAATGGCAGTTTCTCAGTTAAGCTGAGAGATTTCACCACTGACTTATCAGTCCGCCTACGCACCCTTTAAACCCAATGAATCCGGATAACGCTTGCATCCTTCGTCTTACCGCGGCTGCTGGCACGAAGTTAGCCGATGCTTATTCTCACCATACTATCAACCCAGTACACGTACTGGGGTTTTCTCTGGTGCAAAAGCAGTTTACAACCCATAGGGCCGTCTTCCTGCACGCGGCATGGCTGGTTCAGAGTTGCCTCCATTGACCAATATTCCTTA",17.842024489624,21.4471474441504,2.63509790559772,8.13903248095275,3.98449081443474e-16,1.11775452847038e-14,"Bacteria","Bacteroidota","Bacteroidia","Sphingobacteriales","env.OPS 17",NA,NA
"CCTGTTCGCTACCCACGCTTTCGTCCATCAGCGTCAATCCATTAGTAGTAACCTGCCTTCGCAATTGGTATTCCATGTAATCTCTAAGCATTTCACCGCTACACTACATATTCTAGTTACTTCCTAATAATTCAAGTTAAACAGTATCAATGGCCGTTCCACCGTTGAGCGATGGGCTTTCACCACTGACTTATCTAACCGCCTACGGACCCTTTAAACCCAATGATTCCGGATAACGCTTGGATCCTCCGTATTACCGCGGCTGCTGGCACGGAGTTAGCCGATCCTTATTCTTACGATACCGTCAAGCTCCTTCACGAAGGAGTGTTTCTTCTCGCATAAAAGCAGTTTACAATCCATAGGACCGTCATCCTGCACGCGGCATGGCTGGTTCAGGCTTGCGCCCATTGACCAATATTCCTCA",105.708894482983,23.9260756734957,2.64452547913756,9.04739843206145,1.46414976267087e-19,7.54917310096223e-18,"Bacteria","Bacteroidota","Bacteroidia","Flavobacteriales","Flavobacteriaceae","Flavobacterium","tructae"
