Well,SampleName,Stage,Aqu_Terr,Site,Site_Code,Taxa,Taxa_Specific,Taxa_num,FFG,sample_group,Consumer,Mass,Tray name,Tissue Type,Analysis,SINLAB ID,Date,Row,Amount,CO2 Ampl,N2 Ampl,d13C,d15N,%C,%N,C/N
A9,COCH_SHRUB_SI_1,Shrub,Leaves,Cochrane,COCH,Terrestrial Leaves,Terrestrial Leaves,N/A,Riparian Leaves,Basal Food Source,Basal food source,N/A,BowRiver_SI_Plants_1_ED,Shrub,C and N,23EBRG 177,03-Mar-23,N/A,N/A,N/A,N/A,-29.8,1.9,48.25,2.1,23
A10,COCH_SHRUB_SI_2,Shrub,Leaves,Cochrane,COCH,Terrestrial Leaves,Terrestrial Leaves,N/A,Riparian Leaves,Basal Food Source,Basal food source,3.148,BowRiver_SI_Plants_1_ED,Shrub,C and N,23EBRG 178,03-Mar-23,9,3.148,7.89,1.47,-28.5,-0.2,50.4,1.9,25.9
A11,COCH_SHRUB_SI_3,Shrub,Leaves,Cochrane,COCH,Terrestrial Leaves,Terrestrial Leaves,N/A,Riparian Leaves,Basal Food Source,Basal food source,3.16,BowRiver_SI_Plants_1_ED,Shrub,C and N,23EBRG 179,03-Mar-23,10,3.16,8.12,1.26,-28.9,-1.2,52.3,1.6,31.8
A12,SUNAL_SHRUB_SI_1,Shrub,Leaves,Sunalta,SUN,Terrestrial Leaves,Terrestrial Leaves,N/A,Riparian Leaves,Basal Food Source,Basal food source,3.152,BowRiver_SI_Plants_1_ED,Shrub,C and N,23EBRG 180,03-Mar-23,11,3.152,7.99,1.69,-28.8,1.9,50.1,2.2,22.9
B1,SUNAL_SHRUB_SI_2,Shrub,Leaves,Sunalta,SUN,Terrestrial Leaves,Terrestrial Leaves,N/A,Riparian Leaves,Basal Food Source,Basal food source,3.172,BowRiver_SI_Plants_1_ED,Shrub,C and N,23EBRG 181,03-Mar-23,12,3.172,8.03,1.83,-27.5,1.6,50.7,2.4,21.4
B2,SUNAL_SHRUB_SI_3,Shrub,Leaves,Sunalta,SUN,Terrestrial Leaves,Terrestrial Leaves,N/A,Riparian Leaves,Basal Food Source,Basal food source,3.05,BowRiver_SI_Plants_1_ED,Shrub,C and N,23EBRG 182,03-Mar-23,13,3.05,7.57,1.57,-28.9,5.7,50,2.1,23.5
B3,CUSHBR_SHRUB_SI_1,Shrub,Leaves,Cushing Bridge,CUSHBR,Terrestrial Leaves,Terrestrial Leaves,N/A,Riparian Leaves,Basal Food Source,Basal food source,3.063,BowRiver_SI_Plants_1_ED,Shrub,C and N,23EBRG 183,03-Mar-23,14,3.063,7.72,1.27,-28.1,2.6,49.7,1.7,29.2
B4,CUSHBR_SHRUB_SI_2,Shrub,Leaves,Cushing Bridge,CUSHBR,Terrestrial Leaves,Terrestrial Leaves,N/A,Riparian Leaves,Basal Food Source,Basal food source,3.081,BowRiver_SI_Plants_1_ED,Shrub,C and N,23EBRG 184,03-Mar-23,15,3.081,7.32,1.79,-29.1,2.9,47.1,2.4,19.4
B5,CUSHBR_SHRUB_SI_3,Shrub,Leaves,Cushing Bridge,CUSHBR,Terrestrial Leaves,Terrestrial Leaves,N/A,Riparian Leaves,Basal Food Source,Basal food source,3.114,BowRiver_SI_Plants_1_ED,Shrub,C and N,23EBRG 185,03-Mar-23,16,3.114,7.51,1.73,-28.8,2.6,48.1,2.3,20.7
B6,GRVBR_SHRUB_SI_1,Shrub,Leaves,Graves Bridge,GRVBR,Terrestrial Leaves,Terrestrial Leaves,N/A,Riparian Leaves,Basal Food Source,Basal food source,3.13,BowRiver_SI_Plants_1_ED,Shrub,C and N,23EBRG 186,03-Mar-23,17,3.13,7.43,3.09,-29,6.4,46.7,4.1,11.4
B7,GRVBR_SHRUB_SI_2,Shrub,Leaves,Graves Bridge,GRVBR,Terrestrial Leaves,Terrestrial Leaves,N/A,Riparian Leaves,Basal Food Source,Basal food source,3.097,BowRiver_SI_Plants_1_ED,Shrub,C and N,23EBRG 187,03-Mar-23,18,3.097,7.66,1.8,-28.1,8.3,49.7,2.4,20.5
B8,GRVBR_SHRUB_SI_3,Shrub,Leaves,Graves Bridge,GRVBR,Terrestrial Leaves,Terrestrial Leaves,N/A,Riparian Leaves,Basal Food Source,Basal food source,3.121,BowRiver_SI_Plants_1_ED,Shrub,C and N,23EBRG 188,03-Mar-23,19,3.121,7.79,1.82,-29.4,5.3,49.1,2.4,20.6
B10,POLFLT_SHRUB_SI_1,Shrub,Leaves,Policeman Flats,PMF,Terrestrial Leaves,Terrestrial Leaves,N/A,Riparian Leaves,Basal Food Source,Basal food source,N/A,BowRiver_SI_Plants_1_ED,Shrub,C and N,23EBRG 190,03-Mar-23,N/A,N/A,N/A,N/A,-29.25,5.5,51.55,3,17.4
B11,POLFLT_SHRUB_SI_2,Shrub,Leaves,Policeman Flats,PMF,Terrestrial Leaves,Terrestrial Leaves,N/A,Riparian Leaves,Basal Food Source,Basal food source,3.073,BowRiver_SI_Plants_1_ED,Shrub,C and N,23EBRG 191,03-Mar-23,22,3.073,7.69,1.64,-26.5,5.1,50.5,2.2,22.6
B12,POLFLT_SHRUB_SI_3,Shrub,Leaves,Policeman Flats,PMF,Terrestrial Leaves,Terrestrial Leaves,N/A,Riparian Leaves,Basal Food Source,Basal food source,3.174,BowRiver_SI_Plants_1_ED,Shrub,C and N,23EBRG 192,03-Mar-23,23,3.174,8.21,1.57,-26.8,7.1,52,2.1,25.2
C2,COCH_Biofilm_SI_1,Biofilm,biofilm,Cochrane,COCH,Biofilm,Biofilm,N/A,Biofilm,Basal Food Source,Basal food source,3.136,BowRiver_SI_Plants_1_ED,Biofilm,C and N,23EBRG 193,03-Mar-23,25,3.136,1.48,0.3,-14.7,2.9,8.4,0.4,21.6
C3,COCH_Biofilm_SI_2,Biofilm,biofilm,Cochrane,COCH,Biofilm,Biofilm,N/A,Biofilm,Basal Food Source,Basal food source,3.168,BowRiver_SI_Plants_1_ED,Biofilm,C and N,23EBRG 194,03-Mar-23,26,3.168,1.52,0.3,-14.7,2.5,8.6,0.4,22.2
C4,COCH_Biofilm_SI_3,Biofilm,biofilm,Cochrane,COCH,Biofilm,Biofilm,N/A,Biofilm,Basal Food Source,Basal food source,3.16,BowRiver_SI_Plants_1_ED,Biofilm,C and N,23EBRG 195,03-Mar-23,27,3.16,1.46,0.29,-14.3,2.2,8.3,0.4,22.5
C5,SUNAL_Biofilm_SI_1,Biofilm,biofilm,Sunalta,SUN,Biofilm,Biofilm,N/A,Biofilm,Basal Food Source,Basal food source,3.196,BowRiver_SI_Plants_1_ED,Biofilm,C and N,23EBRG 196,03-Mar-23,28,3.196,1.58,0.51,-16.8,5.3,8.8,0.7,13.5
C6,SUNAL_Biofilm_SI_2,Biofilm,biofilm,Sunalta,SUN,Biofilm,Biofilm,N/A,Biofilm,Basal Food Source,Basal food source,3.15,BowRiver_SI_Plants_1_ED,Biofilm,C and N,23EBRG 197,03-Mar-23,29,3.15,1.2,0.26,-12.2,4.9,6.8,0.3,20.4
C7,SUNAL_Biofilm_SI_3,Biofilm,biofilm,Sunalta,SUN,Biofilm,Biofilm,N/A,Biofilm,Basal Food Source,Basal food source,3.152,BowRiver_SI_Plants_1_ED,Biofilm,C and N,23EBRG 198,03-Mar-23,30,3.152,1.19,0.23,-10.7,5,6.7,0.3,23.2
C8,CUSHBR_Biofilm_SI_1,Biofilm,biofilm,Cushing Bridge,CUSHBR,Biofilm,Biofilm,N/A,Biofilm,Basal Food Source,Basal food source,3.195,BowRiver_SI_Plants_1_ED,Biofilm,C and N,23EBRG 209,03-Mar-23,41,3.158,1.11,0.21,-10.5,5.6,6.3,0.3,23.7
C10,CUSHBR_Biofilm_SI_2,Biofilm,biofilm,Cushing Bridge,CUSHBR,Biofilm,Biofilm,N/A,Biofilm,Basal Food Source,Basal food source,N/A,BowRiver_SI_Plants_1_ED,Biofilm,C and N,23EBRG 200,03-Mar-23,N/A,N/A,N/A,N/A,-7.5,3.9,4.55,0.15,34.7
C11,CUSHBR_Biofilm_SI_3,Biofilm,biofilm,Cushing Bridge,CUSHBR,Biofilm,Biofilm,N/A,Biofilm,Basal Food Source,Basal food source,3.007,BowRiver_SI_Plants_1_ED,Biofilm,C and N,23EBRG 201,03-Mar-23,33,3.171,0.84,0.12,-7.4,5.8,4.7,0.1,32.4
C12,GRVBR_Biofilm_SI_1,Biofilm,biofilm,Graves Bridge,GRVBR,Biofilm,Biofilm,N/A,Biofilm,Basal Food Source,Basal food source,3.17,BowRiver_SI_Plants_1_ED,Biofilm,C and N,23EBRG 202,03-Mar-23,34,3.007,0.83,0.13,-8.8,4,4.9,0.2,29.8
D1,GRVBR_Biofilm_SI_2,Biofilm,biofilm,Graves Bridge,GRVBR,Biofilm,Biofilm,N/A,Biofilm,Basal Food Source,Basal food source,3.196,BowRiver_SI_Plants_1_ED,Biofilm,C and N,23EBRG 203,03-Mar-23,35,3.17,2.45,0.81,-21.7,8.3,14.1,1.1,13.3
D2,GRVBR_Biofilm_SI_3,Biofilm,biofilm,Graves Bridge,GRVBR,Biofilm,Biofilm,N/A,Biofilm,Basal Food Source,Basal food source,3.003,BowRiver_SI_Plants_1_ED,Biofilm,C and N,23EBRG 204,03-Mar-23,36,3.196,3.6,1.71,-24.3,9.9,20.9,2.2,9.5
D3,POLFLT_Biofilm_SI_1,Biofilm,biofilm,Policeman Flats,PMF,Biofilm,Biofilm,N/A,Biofilm,Basal Food Source,Basal food source,3.11,BowRiver_SI_Plants_1_ED,Biofilm,C and N,23EBRG 205,03-Mar-23,37,3.003,3.98,1.81,-25.6,10.1,24.7,2.5,10
D4,POLFLT_Biofilm_SI_2,Biofilm,biofilm,Policeman Flats,PMF,Biofilm,Biofilm,N/A,Biofilm,Basal Food Source,Basal food source,3.141,BowRiver_SI_Plants_1_ED,Biofilm,C and N,23EBRG 206,03-Mar-23,38,3.11,6.1,2.68,-26,-0.8,37.8,3.5,10.8
D6,POLFLT_Biofilm_SI_3,Biofilm,biofilm,Policeman Flats,PMF,Biofilm,Biofilm,N/A,Biofilm,Basal Food Source,Basal food source,N/A,BowRiver_SI_Plants_1_ED,Biofilm,C and N,23EBRG 208,03-Mar-23,N/A,N/A,N/A,N/A,-25.6,-1.05,35.9,3.3,10.9
A12,POLFLT_Lar_Hydro_SI_2,Larvae,lar_aquatic,Policeman Flats,PMF,Hydropsychidae,Hydropsychidae Larvae,2,Filterer-Collector,Aquatic Larvae ,Primary Consumer,1.113,BowRiver_SI_Inverts_1_ED,Whole Invertebrate,C and N,23EBRG 006,01-Mar-23,11,1.113,3.348,2.737,-25.3,7.4,53.8,9.5,5.7
D8,GRVBR_Lar_Hydro_SI_3,Larvae,lar_aquatic,Graves Bridge,GRVBR,Hydropsychidae,Hydropsychidae Larvae,2,Filterer-Collector,Aquatic Larvae ,Primary Consumer,1.126,BowRiver_SI_Inverts_1_ED,Whole Invertebrate,C and N,23EBRG 035,01-Mar-23,43,1.126,3.134,2.694,-27.4,10.7,49.5,9.2,5.4
C7,GRVBR_Lar_Hydro_SI_1,Larvae,lar_aquatic,Graves Bridge,GRVBR,Hydropsychidae,Hydropsychidae Larvae,2,Filterer-Collector,Aquatic Larvae ,Primary Consumer,1.158,BowRiver_SI_Inverts_2_ED,Whole Invertebrate,C and N,23EBRG 097,28-Feb-23,30,1.066,3.17,2,-28.1,11.4,53.7,7.4,7.3
C9,GRVBR_Lar_Hydro_SI_2,Larvae,lar_aquatic,Graves Bridge,GRVBR,Hydropsychidae,Hydropsychidae Larvae,2,Filterer-Collector,Aquatic Larvae ,Primary Consumer,1.086,BowRiver_SI_Inverts_2_ED,Whole Invertebrate,C and N,23EBRG 099,28-Feb-23,32,1.191,2.99,2.45,-27.7,11.2,45.3,8.1,5.6
D6,SUNAL_Lar_Hydro_SI_1,Larvae,lar_aquatic,Sunalta,SUN,Hydropsychidae,Hydropsychidae Larvae,2,Filterer-Collector,Aquatic Larvae ,Primary Consumer,1.027,BowRiver_SI_Inverts_2_ED,Whole Invertebrate,C and N,23EBRG 108,28-Feb-23,41,1.099,2.88,2.57,-28.5,6.4,47.5,9.3,5.1
F10,COCH_Lar_Hydro_SI_2,Larvae,lar_aquatic,Cochrane,COCH,Hydropsychidae,Hydropsychidae Larvae,2,Filterer-Collector,Aquatic Larvae ,Primary Consumer,1.149,BowRiver_SI_Inverts_2_ED,Whole Invertebrate,C and N,23EBRG 131,28-Feb-23,69,1.149,3.33,2.85,-30.6,6.9,52.8,9.8,5.4
G5,POLFLT_Lar_Hydro_SI_1,Larvae,lar_aquatic,Policeman Flats,PMF,Hydropsychidae,Hydropsychidae Larvae,2,Filterer-Collector,Aquatic Larvae ,Primary Consumer,1.133,BowRiver_SI_Inverts_2_ED,Whole Invertebrate,C and N,23EBRG 134,28-Feb-23,76,1.12,3.03,2.79,-24.6,7.3,48.8,9.9,4.9
G11,POLFLT_Lar_Hydro_SI_3,Larvae,lar_aquatic,Policeman Flats,PMF,Hydropsychidae,Hydropsychidae Larvae,2,Filterer-Collector,Aquatic Larvae ,Primary Consumer,1.043,BowRiver_SI_Inverts_2_ED,Whole Invertebrate,C and N,23EBRG 140,28-Feb-23,82,1.154,2.91,2.65,-25.1,6.7,45.5,9.1,5
H4,COCH_Lar_Hydro_SI_1,Larvae,lar_aquatic,Cochrane,COCH,Hydropsychidae,Hydropsychidae Larvae,2,Filterer-Collector,Aquatic Larvae ,Primary Consumer,N/A,BowRiver_SI_Inverts_2_ED,Whole Invertebrate,C and N,23EBRG 146,01-Mar-23,N/A,N/A,N/A,N/A,-31.15,7.75,57.65,11.65,4.95
C6,SUNAL_Lar_Hydro_SI_2,Larvae,lar_aquatic,Sunalta,SUN,Hydropsychidae,Hydropsychidae Larvae,2,Filterer-Collector,Aquatic Larvae ,Primary Consumer,1.17,BowRiver_SI_Inverts_3_ED,Whole Invertebrate,C and N,23EBRG 171,02-Mar-23,29,1.17,3.1,3.01,-27.8,6.2,48.6,10.1,4.8
B2,POLFLT_Lar_Mayfly_2_SI_1,Larvae,lar_aquatic,Policeman Flats,PMF,Ephemerellidae,Ephemerellidae Larvae,8,Gatherer-Collector,Aquatic Larvae ,Primary Consumer,1.11,BowRiver_SI_Inverts_1_ED,Whole Invertebrate,C and N,23EBRG 008,01-Mar-23,13,1.11,3.222,2.981,-23.8,4.4,51.8,10.4,5
B11,GRVBR_Lar_Mayfly_2_SI_3,Larvae,lar_aquatic,Graves Bridge,GRVBR,Ephemerellidae,Ephemerellidae Larvae,8,Gatherer-Collector,Aquatic Larvae ,Primary Consumer,1.11,BowRiver_SI_Inverts_1_ED,Whole Invertebrate,C and N,23EBRG 017,01-Mar-23,22,1.11,3.293,2.178,-29.2,9.5,52.9,7.6,7
E12,POLFLT_Lar_Mayfly_2_SI_2,Larvae,lar_aquatic,Policeman Flats,PMF,Ephemerellidae,Ephemerellidae Larvae,8,Gatherer-Collector,Aquatic Larvae ,Primary Consumer,1.08,BowRiver_SI_Inverts_1_ED,Whole Invertebrate,C and N,23EBRG 046,01-Mar-23,59,1.08,3.083,2.741,-26.3,5.2,51,9.8,5.2
B4,POLFLT_Lar_Mayfly_2_SI_3,Larvae,lar_aquatic,Policeman Flats,PMF,Ephemerellidae,Ephemerellidae Larvae,8,Gatherer-Collector,Aquatic Larvae ,Primary Consumer,1.202,BowRiver_SI_Inverts_2_ED,Whole Invertebrate,C and N,23EBRG 085,28-Feb-23,15,1.202,3.49,3.19,-26.9,6.6,52.9,10.5,5.1
B12,GRVBR_Lar_Mayfly_2_SI_2,Larvae,lar_aquatic,Graves Bridge,GRVBR,Ephemerellidae,Ephemerellidae Larvae,8,Gatherer-Collector,Aquatic Larvae ,Primary Consumer,1.184,BowRiver_SI_Inverts_2_ED,Whole Invertebrate,C and N,23EBRG 093,28-Feb-23,23,1.184,2.93,2.23,-28.1,9.2,44.8,7.4,6
C4,GRVBR_Lar_Mayfly_2_SI_1,Larvae,lar_aquatic,Graves Bridge,GRVBR,Ephemerellidae,Ephemerellidae Larvae,8,Gatherer-Collector,Aquatic Larvae ,Primary Consumer,1.129,BowRiver_SI_Inverts_2_ED,Whole Invertebrate,C and N,23EBRG 094,28-Feb-23,27,1.156,3.12,1.44,-29.1,8.6,48.7,4.9,9.9
B4,SUNAL_Lar_Mayfly_2_SI_1,Larvae,lar_aquatic,Sunalta,SUN,Ephemerellidae,Ephemerellidae Larvae,8,Gatherer-Collector,Aquatic Larvae ,Primary Consumer,1.046,BowRiver_SI_Inverts_3_ED,Whole Invertebrate,C and N,23EBRG 160,02-Mar-23,15,1.046,2.97,2.08,-28.7,5,52,7.8,6.7
B6,SUNAL_Lar_Mayfly_2_SI_3,Larvae,lar_aquatic,Sunalta,SUN,Ephemerellidae,Ephemerellidae Larvae,8,Gatherer-Collector,Aquatic Larvae ,Primary Consumer,1.089,BowRiver_SI_Inverts_3_ED,Whole Invertebrate,C and N,23EBRG 162,02-Mar-23,17,1.089,2.65,1.61,-29.1,5.6,44.3,5.8,7.7
C5,SUNAL_Lar_Mayfly_2_SI_2,Larvae,lar_aquatic,Sunalta,SUN,Ephemerellidae,Ephemerellidae Larvae,8,Gatherer-Collector,Aquatic Larvae ,Primary Consumer,1.183,BowRiver_SI_Inverts_3_ED,Whole Invertebrate,C and N,23EBRG 170,02-Mar-23,28,1.183,3.17,2.79,-28.6,5.9,49,9.2,5.3
B12,POLFLT_Lar_Chiro_SI_1,Larvae,lar_aquatic,Policeman Flats,PMF,Chironomidae,Chironomidae Larvae,1,Gatherer-Collector,Aquatic Larvae ,Primary Consumer,1.08,BowRiver_SI_Inverts_1_ED,Whole Invertebrate,C and N,23EBRG 018,01-Mar-23,23,1.08,2.935,2.836,-25.8,6.9,48.3,10.1,4.8
D9,CUSHBR_Lar_Chiro_SI_1,Larvae,lar_aquatic,Cushing Bridge,CUSHBR,Chironomidae,Chironomidae Larvae,1,Gatherer-Collector,Aquatic Larvae ,Primary Consumer,1.08,BowRiver_SI_Inverts_1_ED,Whole Invertebrate,C and N,23EBRG 036,01-Mar-23,44,1.08,3.235,2.799,-31.2,7.4,53.6,10,5.4
H5,GRVBR_Lar_Chiro_SI_2,Larvae,lar_aquatic,Graves Bridge,GRVBR,Chironomidae,Chironomidae Larvae,1,Gatherer-Collector,Aquatic Larvae ,Primary Consumer,1.092,BowRiver_SI_Inverts_1_ED,Whole Invertebrate,C and N,23EBRG 071,01-Mar-23,88,1.092,3.034,2.558,-30.2,10.8,49.6,9.1,5.5
B9,GRVBR_Lar_Chiro_SI_1,Larvae,lar_aquatic,Graves Bridge,GRVBR,Chironomidae,Chironomidae Larvae,1,Gatherer-Collector,Aquatic Larvae ,Primary Consumer,1.112,BowRiver_SI_Inverts_2_ED,Whole Invertebrate,C and N,23EBRG 090,28-Feb-23,20,1.112,2.96,2.51,-30.5,10.4,48.2,8.9,5.4
C5,GRVBR_Lar_Chiro_SI_3,Larvae,lar_aquatic,Graves Bridge,GRVBR,Chironomidae,Chironomidae Larvae,1,Gatherer-Collector,Aquatic Larvae ,Primary Consumer,1.012,BowRiver_SI_Inverts_2_ED,Whole Invertebrate,C and N,23EBRG 095,28-Feb-23,28,1.135,2.44,2.11,-29.6,10.5,38.9,7.3,5.3
F2,POLFLT_Ad_Lepto_SI_1,Adult,Ad_aquatic,Policeman Flats,PMF,Leptoceridae,Leptoceridae Adult,3,Gatherer-Collector,Aquatic Adult ,Primary Consumer,1.085,BowRiver_SI_Inverts_1_ED,Whole Invertebrate,C and N,23EBRG 048,01-Mar-23,61,1.085,3.204,2.545,-25.1,7.8,52.7,9.1,5.8
F3,POLFLT_Ad_Lepto_SI_3,Adult,Ad_aquatic,Policeman Flats,PMF,Leptoceridae,Leptoceridae Adult,3,Gatherer-Collector,Aquatic Adult ,Primary Consumer,1.124,BowRiver_SI_Inverts_1_ED,Whole Invertebrate,C and N,23EBRG 049,01-Mar-23,62,1.124,3.326,3.584,-25,9.5,52.8,12.4,4.3
F7,POLFLT_Ad_Lepto_SI_2,Adult,Ad_aquatic,Policeman Flats,PMF,Leptoceridae,Leptoceridae Adult,3,Gatherer-Collector,Aquatic Adult ,Primary Consumer,N/A,BowRiver_SI_Inverts_1_ED,Whole Invertebrate,C and N,23EBRG 053,01-Mar-23,N/A,N/A,N/A,N/A,-25.7,9.05,53.65,11.95,4.5
E12,CUSHBR_Ad_Lepto_SI_1,Adult,Ad_aquatic,Cushing Bridge,CUSHBR,Leptoceridae,Leptoceridae Adult,3,Gatherer-Collector,Aquatic Adult ,Primary Consumer,1.136,BowRiver_SI_Inverts_2_ED,Whole Invertebrate,C and N,23EBRG 121,28-Feb-23,59,1.189,3.45,3.48,-26,8.3,52.8,11.6,4.5
A7,COCH_Ad_Hydro_SI_1,Adult,Ad_aquatic,Cochrane,COCH,Hydropsychidae,Hydropsychidae Adult,2,Filterer-Collector,Aquatic Adult ,Primary Consumer,1.069,BowRiver_SI_Inverts_1_ED,Whole Invertebrate,C and N,23EBRG 001,01-Mar-23,6,1.069,3.2,3.236,-31.4,9,53.4,11.7,4.6
C9,POLFLT_Ad_Hydro_SI_2,Adult,Ad_aquatic,Policeman Flats,PMF,Hydropsychidae,Hydropsychidae Adult,2,Filterer-Collector,Aquatic Adult ,Primary Consumer,1.192,BowRiver_SI_Inverts_1_ED,Whole Invertebrate,C and N,23EBRG 024,01-Mar-23,32,1.192,3.546,3.654,-24.1,5.9,53.3,11.8,4.5
D12,SUNAL_Ad_Hydro_SI_3,Adult,Ad_aquatic,Sunalta,SUN,Hydropsychidae,Hydropsychidae Adult,2,Filterer-Collector,Aquatic Adult ,Primary Consumer,1.046,BowRiver_SI_Inverts_1_ED,Whole Invertebrate,C and N,23EBRG 039,01-Mar-23,47,1.046,3.271,2.772,-30.4,7.7,55.9,10.2,5.5
E11,CUSHBR_Ad_Hydro_SI_2,Adult,Ad_aquatic,Cushing Bridge,CUSHBR,Hydropsychidae,Hydropsychidae Adult,2,Filterer-Collector,Aquatic Adult ,Primary Consumer,1.004,BowRiver_SI_Inverts_1_ED,Whole Invertebrate,C and N,23EBRG 045,01-Mar-23,58,1.004,3.057,2.858,-28.7,8.5,54.3,11,4.9
F1,GRVBR_Ad_Hydro_SI_3,Adult,Ad_aquatic,Graves Bridge,GRVBR,Hydropsychidae,Hydropsychidae Adult,2,Filterer-Collector,Aquatic Adult ,Primary Consumer,1.001,BowRiver_SI_Inverts_1_ED,Whole Invertebrate,C and N,23EBRG 047,01-Mar-23,60,1.001,3.038,2.883,-25.6,14.1,54,11.1,4.8
F4,CUSHBR_Ad_Hydro_SI_3,Adult,Ad_aquatic,Cushing Bridge,CUSHBR,Hydropsychidae,Hydropsychidae Adult,2,Filterer-Collector,Aquatic Adult ,Primary Consumer,1.032,BowRiver_SI_Inverts_1_ED,Whole Invertebrate,C and N,23EBRG 050,01-Mar-23,63,1.032,3.078,3.339,-27.5,10.1,53.1,12.5,4.2
H7,POLFLT_Ad_Hydro_SI_1,Adult,Ad_aquatic,Policeman Flats,PMF,Hydropsychidae,Hydropsychidae Adult,2,Filterer-Collector,Aquatic Adult ,Primary Consumer,1.05,BowRiver_SI_Inverts_1_ED,Whole Invertebrate,C and N,23EBRG 073,01-Mar-23,90,1.05,3.237,2.825,-25.1,6.4,54.9,10.4,5.3
A11,POLFLT_Ad_Hydro_SI_3,Adult,Ad_aquatic,Policeman Flats,PMF,Hydropsychidae,Hydropsychidae Adult,2,Filterer-Collector,Aquatic Adult ,Primary Consumer,1.103,BowRiver_SI_Inverts_2_ED,Whole Invertebrate,C and N,23EBRG 080,28-Feb-23,10,1.103,3.32,3.1,-23.4,8.7,54.7,11.1,4.9
B5,SUNAL_Ad_Hydro_SI_2,Adult,Ad_aquatic,Sunalta,SUN,Hydropsychidae,Hydropsychidae Adult,2,Filterer-Collector,Aquatic Adult ,Primary Consumer,1.084,BowRiver_SI_Inverts_2_ED,Whole Invertebrate,C and N,23EBRG 086,28-Feb-23,16,1.084,3.25,2.99,-30.3,8.6,54.6,10.9,5
A9,COCH_Ad_Hydro_SI_2,Adult,Ad_aquatic,Cochrane,COCH,Hydropsychidae,Hydropsychidae Adult,2,Filterer-Collector,Aquatic Adult ,Primary Consumer,1.021,BowRiver_SI_Inverts_3_ED,Whole Invertebrate,C and N,23EBRG 153,02-Mar-23,8,1.021,3.03,2.96,-31.9,9,54.5,11.3,4.8
B5,GRVBR_Ad_Hydro_SI_1,Adult,Ad_aquatic,Graves Bridge,GRVBR,Hydropsychidae,Hydropsychidae Adult,2,Filterer-Collector,Aquatic Adult ,Primary Consumer,1.072,BowRiver_SI_Inverts_3_ED,Whole Invertebrate,C and N,23EBRG 161,02-Mar-23,16,1.072,3.25,2.79,-25.9,14.5,55.4,10.1,5.5
B8,CUSHBR_Ad_Hydro_SI_1,Adult,Ad_aquatic,Cushing Bridge,CUSHBR,Hydropsychidae,Hydropsychidae Adult,2,Filterer-Collector,Aquatic Adult ,Primary Consumer,N/A,BowRiver_SI_Inverts_3_ED,Whole Invertebrate,C and N,23EBRG 164,02-Mar-23,N/A,N/A,N/A,N/A,-27.9,10.15,53.2,11.35,4.7
B11,GRVBR_Ad_Hydro_SI_2,Adult,Ad_aquatic,Graves Bridge,GRVBR,Hydropsychidae,Hydropsychidae Adult,2,Filterer-Collector,Aquatic Adult ,Primary Consumer,N/A,BowRiver_SI_Inverts_3_ED,Whole Invertebrate,C and N,23EBRG 167,02-Mar-23,N/A,N/A,N/A,N/A,-25.65,14.2,54.15,10.65,5.05
C4,SUNAL_Ad_Hydro_SI_1,Adult,Ad_aquatic,Sunalta,SUN,Hydropsychidae,Hydropsychidae Adult,2,Filterer-Collector,Aquatic Adult ,Primary Consumer,1.015,BowRiver_SI_Inverts_3_ED,Whole Invertebrate,C and N,23EBRG 169,02-Mar-23,27,1.015,2.89,2.98,-30.3,8.6,52.2,11.5,4.5
G6,POLFLT_Ad_Mayfly_2_SI_1,Adult,Ad_aquatic,Policeman Flats,PMF,Ephemerellidae,Ephemerellidae Adult,8,Gatherer-Collector,Aquatic Adult ,Primary Consumer,1.188,BowRiver_SI_Inverts_1_ED,Whole Invertebrate,C and N,23EBRG 060,01-Mar-23,77,1.188,3.276,4.426,-24.4,7.3,49.1,14.4,3.4
H2,SUNAL_Ad_Mayfly_2_SI_1,Adult,Ad_aquatic,Sunalta,SUN,Ephemerellidae,Ephemerellidae Adult,8,Gatherer-Collector,Aquatic Adult ,Primary Consumer,1.15,BowRiver_SI_Inverts_1_ED,Whole Invertebrate,C and N,23EBRG 068,01-Mar-23,85,1.15,3.177,4.339,-27.7,6.9,49.1,14.6,3.4
H6,GRVBR_Ad_Mayfly_2_SI_2,Adult,Ad_aquatic,Graves Bridge,GRVBR,Ephemerellidae,Ephemerellidae Adult,8,Gatherer-Collector,Aquatic Adult ,Primary Consumer,1.01,BowRiver_SI_Inverts_1_ED,Whole Invertebrate,C and N,23EBRG 072,01-Mar-23,89,1.01,2.889,3.42,-26.8,11.6,50.7,13.1,3.9
A8,POLFLT_Ad_Mayfly_2_SI_2,Adult,Ad_aquatic,Policeman Flats,PMF,Ephemerellidae,Ephemerellidae Adult,8,Gatherer-Collector,Aquatic Adult ,Primary Consumer,1.115,BowRiver_SI_Inverts_2_ED,Whole Invertebrate,C and N,23EBRG 077,28-Feb-23,7,1.115,2.97,4.39,-22.9,5.3,48.2,15.6,3.1
B7,GRVBR_Ad_Mayfly_2_SI_1,Adult,Ad_aquatic,Graves Bridge,GRVBR,Ephemerellidae,Ephemerellidae Adult,8,Gatherer-Collector,Aquatic Adult ,Primary Consumer,1.158,BowRiver_SI_Inverts_2_ED,Whole Invertebrate,C and N,23EBRG 088,28-Feb-23,18,1.158,3.41,3.34,-29.3,11.7,53.7,11.4,4.7
B10,GRVBR_Ad_Mayfly_2_SI_3,Adult,Ad_aquatic,Graves Bridge,GRVBR,Ephemerellidae,Ephemerellidae Adult,8,Gatherer-Collector,Aquatic Adult ,Primary Consumer,1.04,BowRiver_SI_Inverts_2_ED,Whole Invertebrate,C and N,23EBRG 091,28-Feb-23,21,1.04,2.93,3.91,-23.5,11.2,50.7,14.9,3.4
C8,CUSHBR_Ad_Mayfly_2_SI_2,Adult,Ad_aquatic,Cushing Bridge,CUSHBR,Ephemerellidae,Ephemerellidae Adult,8,Gatherer-Collector,Aquatic Adult ,Primary Consumer,1.181,BowRiver_SI_Inverts_2_ED,Whole Invertebrate,C and N,23EBRG 098,28-Feb-23,31,1.201,3.35,3.99,-27.1,6.9,50.9,13.2,3.9
C10,CUSHBR_Ad_Mayfly_2_SI_1,Adult,Ad_aquatic,Cushing Bridge,CUSHBR,Ephemerellidae,Ephemerellidae Adult,8,Gatherer-Collector,Aquatic Adult ,Primary Consumer,1.017,BowRiver_SI_Inverts_2_ED,Whole Invertebrate,C and N,23EBRG 100,28-Feb-23,33,1.163,3.08,3.41,-27.9,7.1,47.9,11.6,4.1
A8,SUNAL_Ad_Chiro_SI_1,Adult,Ad_aquatic,Sunalta,SUN,Chironomidae,Chironomidae Adult,1,Gatherer-Collector,Aquatic Adult ,Primary Consumer,1.006,BowRiver_SI_Inverts_1_ED,Whole Invertebrate,C and N,23EBRG 002,01-Mar-23,7,1.006,2.967,2.705,-30.8,10.5,52.6,10.4,5.1
C8,COCH_Ad_Chiro_SI_2,Adult,Ad_aquatic,Cochrane,COCH,Chironomidae,Chironomidae Adult,1,Gatherer-Collector,Aquatic Adult ,Primary Consumer,1.012,BowRiver_SI_Inverts_1_ED,Whole Invertebrate,C and N,23EBRG 023,01-Mar-23,31,1.012,2.836,2.946,-28.4,10.3,50,11.3,4.4
D11,GRVBR_Ad_Chiro_SI_1,Adult,Ad_aquatic,Graves Bridge,GRVBR,Chironomidae,Chironomidae Adult,1,Gatherer-Collector,Aquatic Adult ,Primary Consumer,1.106,BowRiver_SI_Inverts_1_ED,Whole Invertebrate,C and N,23EBRG 038,01-Mar-23,46,1.106,3.112,2.78,-26.3,8.8,50.3,9.7,5.2
F9,SUNAL_Ad_Chiro_SI_2,Adult,Ad_aquatic,Sunalta,SUN,Chironomidae,Chironomidae Adult,1,Gatherer-Collector,Aquatic Adult ,Primary Consumer,1.197,BowRiver_SI_Inverts_1_ED,Whole Invertebrate,C and N,23EBRG 055,01-Mar-23,68,1.197,3.471,3.019,-29,8.2,52.3,9.8,5.3
F10,SUNAL_Ad_Chiro_SI_3,Adult,Ad_aquatic,Sunalta,SUN,Chironomidae,Chironomidae Adult,1,Gatherer-Collector,Aquatic Adult ,Primary Consumer,0.859,BowRiver_SI_Inverts_1_ED,Whole Invertebrate,C and N,23EBRG 056,01-Mar-23,69,0.859,2.427,2.111,-28.2,10.8,50.4,9.6,5.3
G10,POLFLT_Ad_Chiro_SI_2,Adult,Ad_aquatic,Policeman Flats,PMF,Chironomidae,Chironomidae Adult,1,Gatherer-Collector,Aquatic Adult ,Primary Consumer,1.163,BowRiver_SI_Inverts_1_ED,Whole Invertebrate,C and N,23EBRG 064,01-Mar-23,81,1.163,3.149,3.186,-31.7,10.8,49,10.7,4.6
H3,COCH_Ad_Chiro_SI_1,Adult,Ad_aquatic,Cochrane,COCH,Chironomidae,Chironomidae Adult,1,Gatherer-Collector,Aquatic Adult ,Primary Consumer,1.13,BowRiver_SI_Inverts_1_ED,Whole Invertebrate,C and N,23EBRG 069,01-Mar-23,86,1.13,3.078,2.913,-27.1,6,48.7,10,4.9
A7,CUSHBR_Ad_Chiro_SI_1,Adult,Ad_aquatic,Cushing Bridge,CUSHBR,Chironomidae,Chironomidae Adult,1,Gatherer-Collector,Aquatic Adult ,Primary Consumer,1.1,BowRiver_SI_Inverts_2_ED,Whole Invertebrate,C and N,23EBRG 076,28-Feb-23,6,1.1,3.21,3.06,-31,10.1,53.2,11,4.8
A9,POLFLT_Ad_Chiro_SI_1,Adult,Ad_aquatic,Policeman Flats,PMF,Chironomidae,Chironomidae Adult,1,Gatherer-Collector,Aquatic Adult ,Primary Consumer,1.201,BowRiver_SI_Inverts_2_ED,Whole Invertebrate,C and N,23EBRG 078,28-Feb-23,8,1.201,3.29,3.22,-23.9,10.9,50,10.6,4.7
A10,COCH_Ad_Chiro_SI_3,Adult,Ad_aquatic,Cochrane,COCH,Chironomidae,Chironomidae Adult,1,Gatherer-Collector,Aquatic Adult ,Primary Consumer,1.045,BowRiver_SI_Inverts_2_ED,Whole Invertebrate,C and N,23EBRG 079,28-Feb-23,9,1.045,2.87,2.45,-32.2,9.5,49.9,9.3,5.4
B11,CUSHBR_Ad_Chiro_SI_2,Adult,Ad_aquatic,Cushing Bridge,CUSHBR,Chironomidae,Chironomidae Adult,1,Gatherer-Collector,Aquatic Adult ,Primary Consumer,1.042,BowRiver_SI_Inverts_2_ED,Whole Invertebrate,C and N,23EBRG 092,28-Feb-23,22,1.042,3.09,2.85,-25.6,10.7,53.9,10.8,5
D1,CUSHBR_Ad_Chiro_SI_3,Adult,Ad_aquatic,Cushing Bridge,CUSHBR,Chironomidae,Chironomidae Adult,1,Gatherer-Collector,Aquatic Adult ,Primary Consumer,1.073,BowRiver_SI_Inverts_2_ED,Whole Invertebrate,C and N,23EBRG 103,28-Feb-23,36,1.111,3.15,2.72,-28.5,8.4,51.5,9.7,5.3
B7,COCH_Lepidop_SI_3,Adult,Terrestrial,Cochrane,COCH,Lepidoptera,Lepidoptera Adult,12,Piercer,Terrestrial Prey,Primary Consumer,1.141,BowRiver_SI_Inverts_1_ED,Whole Invertebrate,C and N,23EBRG 013,01-Mar-23,18,1.141,3.321,3.713,-29.2,5.5,51.9,12.6,4.1
B8,POLFLT_Lepidop_SI_3,Adult,Terrestrial,Policeman Flats,PMF,Lepidoptera,Lepidoptera Adult,12,Piercer,Terrestrial Prey,Primary Consumer,1.187,BowRiver_SI_Inverts_1_ED,Whole Invertebrate,C and N,23EBRG 014,01-Mar-23,19,1.187,3.507,2.804,-25.9,1.2,53,9.1,5.8
C12,COCH_Lepidop_SI_2,Adult,Terrestrial,Cochrane,COCH,Lepidoptera,Lepidoptera Adult,12,Piercer,Terrestrial Prey,Primary Consumer,1.137,BowRiver_SI_Inverts_1_ED,Whole Invertebrate,C and N,23EBRG 027,01-Mar-23,35,1.137,3.487,3.068,-25.7,5.9,54.6,10.4,5.3
F11,POLFLT_Lepidop_SI_2,Adult,Terrestrial,Policeman Flats,PMF,Lepidoptera,Lepidoptera Adult,12,Piercer,Terrestrial Prey,Primary Consumer,1.01,BowRiver_SI_Inverts_1_ED,Whole Invertebrate,C and N,23EBRG 057,01-Mar-23,70,1.01,3.245,2.496,-26.8,0.9,57.3,9.6,6
G5,COCH_Lepidop_SI_1,Adult,Terrestrial,Cochrane,COCH,Lepidoptera,Lepidoptera Adult,12,Piercer,Terrestrial Prey,Primary Consumer,N/A,BowRiver_SI_Inverts_1_ED,Whole Invertebrate,C and N,23EBRG 059,01-Mar-23,N/A,N/A,N/A,N/A,-26.8,8.3,51.8,10.1,5.1
G7,POLFLT_Lepidop_SI_1,Adult,Terrestrial,Policeman Flats,PMF,Lepidoptera,Lepidoptera Adult,12,Piercer,Terrestrial Prey,Primary Consumer,1.128,BowRiver_SI_Inverts_1_ED,Whole Invertebrate,C and N,23EBRG 061,01-Mar-23,78,1.128,3.654,2.907,-27.6,3.3,57.9,10,5.8
G9,SUNAL_Lepidop_SI_1,Adult,Terrestrial,Sunalta,SUN,Lepidoptera,Lepidoptera Adult,12,Piercer,Terrestrial Prey,Primary Consumer,1.16,BowRiver_SI_Inverts_1_ED,Whole Invertebrate,C and N,23EBRG 063,01-Mar-23,80,1.16,3.886,2.599,-30.2,5.1,59.8,8.7,6.9
G11,SUNAL_Lepidop_SI_3,Adult,Terrestrial,Sunalta,SUN,Lepidoptera,Lepidoptera Adult,12,Piercer,Terrestrial Prey,Primary Consumer,0.98,BowRiver_SI_Inverts_1_ED,Whole Invertebrate,C and N,23EBRG 065,01-Mar-23,82,0.98,2.868,3.153,-30.2,6.9,52,12.5,4.2
H1,SUNAL_Lepidop_SI_2,Adult,Terrestrial,Sunalta,SUN,Lepidoptera,Lepidoptera Adult,12,Piercer,Terrestrial Prey,Primary Consumer,1.041,BowRiver_SI_Inverts_1_ED,Whole Invertebrate,C and N,23EBRG 067,01-Mar-23,84,1.041,3.442,2.356,-28.3,7.1,59,8.8,6.7
B1,GRVBR_Lepidop_SI_3,Adult,Terrestrial,Graves Bridge,GRVBR,Lepidoptera,Lepidoptera Adult,12,Piercer,Terrestrial Prey,Primary Consumer,1.193,BowRiver_SI_Inverts_2_ED,Whole Invertebrate,C and N,23EBRG 082,28-Feb-23,12,1.193,3.42,3.49,-25.5,7.5,52.3,11.6,4.5
B3,GRVBR_Lepidop_SI_2,Adult,Terrestrial,Graves Bridge,GRVBR,Lepidoptera,Lepidoptera Adult,12,Piercer,Terrestrial Prey,Primary Consumer,N/A,BowRiver_SI_Inverts_2_ED,Whole Invertebrate,C and N,23EBRG 084,28-Feb-23,N/A,N/A,N/A,N/A,-27.5,6.1,44.5,6.95,7.2
B6,GRVBR_Lepidop_SI_1,Adult,Terrestrial,Graves Bridge,GRVBR,Lepidoptera,Lepidoptera Adult,12,Piercer,Terrestrial Prey,Primary Consumer,1.073,BowRiver_SI_Inverts_2_ED,Whole Invertebrate,C and N,23EBRG 087,28-Feb-23,17,1.073,2.95,2.74,-28.1,4,49.7,10.1,4.9
B6,CUSHBR_Tetragnatha_SI_1,Spider,Spider,Cushing Bridge,CUSHBR,Tetragnathidae,Tetragnathidae,10,Predator,Spider,Secondary Consumer,1.044,BowRiver_SI_Inverts_1_ED,Whole Invertebrate,C and N,23EBRG 012,01-Mar-23,17,1.044,2.939,3.265,-27.2,9.2,49.9,12.1,4.1
D1,POLFLT_Tetragnatha_SI_3,Spider,Spider,Policeman Flats,PMF,Tetragnathidae,Tetragnathidae,10,Predator,Spider,Secondary Consumer,1.015,BowRiver_SI_Inverts_1_ED,Whole Invertebrate,C and N,23EBRG 028,01-Mar-23,36,1.015,3.003,3.164,-24.8,8.6,52.6,12.1,4.4
D5,GRVBR_Tetragnatha_SI_1,Spider,Spider,Graves Bridge,GRVBR,Tetragnathidae,Tetragnathidae,10,Predator,Spider,Secondary Consumer,1.067,BowRiver_SI_Inverts_1_ED,Whole Invertebrate,C and N,23EBRG 032,01-Mar-23,40,1.067,2.869,3.414,-24.4,12.3,47.8,12.4,3.9
D6,COCH_Tetragnatha_SI_1,Spider,Spider,Cochrane,COCH,Tetragnathidae,Tetragnathidae,10,Predator,Spider,Secondary Consumer,1.17,BowRiver_SI_Inverts_1_ED,Whole Invertebrate,C and N,23EBRG 033,01-Mar-23,41,1.17,3.251,3.693,-29.3,9.5,49.4,12.2,4.1
D10,SUNAL_Tetragnatha_SI_1,Spider,Spider,Sunalta,SUN,Tetragnathidae,Tetragnathidae,10,Predator,Spider,Secondary Consumer,N/A,BowRiver_SI_Inverts_2_ED,Whole Invertebrate,C and N,23EBRG 112,28-Feb-23,N/A,N/A,N/A,N/A,-28.4,9.15,53.75,11.85,4.55
D12,CUSHBR_Tetragnatha_SI_2,Spider,Spider,Cushing Bridge,CUSHBR,Tetragnathidae,Tetragnathidae,10,Predator,Spider,Secondary Consumer,1.108,BowRiver_SI_Inverts_2_ED,Whole Invertebrate,C and N,23EBRG 114,28-Feb-23,47,1.145,2.88,3.73,-26.3,8.4,45.2,12.9,3.5
F2,CUSHBR_Tetragnatha_SI_3,Spider,Spider,Cushing Bridge,CUSHBR,Tetragnathidae,Tetragnathidae,10,Predator,Spider,Secondary Consumer,1.049,BowRiver_SI_Inverts_2_ED,Whole Invertebrate,C and N,23EBRG 123,28-Feb-23,61,1.13,2.89,3.46,-26.7,8.7,46,12.1,3.8
F3,SUNAL_Tetragnatha_SI_2,Spider,Spider,Sunalta,SUN,Tetragnathidae,Tetragnathidae,10,Predator,Spider,Secondary Consumer,1.005,BowRiver_SI_Inverts_2_ED,Whole Invertebrate,C and N,23EBRG 124,28-Feb-23,62,1.097,2.87,3.09,-26.9,7.6,47,11.2,4.2
F4,GRVBR_Tetragnatha_SI_3,Spider,Spider,Graves Bridge,GRVBR,Tetragnathidae,Tetragnathidae,10,Predator,Spider,Secondary Consumer,1.164,BowRiver_SI_Inverts_2_ED,Whole Invertebrate,C and N,23EBRG 125,28-Feb-23,63,1.121,3.28,3.76,-23.9,13.5,52.8,13.2,4
F6,POLFLT_Tetragnatha_SI_2,Spider,Spider,Policeman Flats,PMF,Tetragnathidae,Tetragnathidae,10,Predator,Spider,Secondary Consumer,1.005,BowRiver_SI_Inverts_2_ED,Whole Invertebrate,C and N,23EBRG 127,28-Feb-23,65,1.145,2.99,3.09,-25.9,8.8,47.1,10.7,4.4
F7,POLFLT_Tetragnatha_SI_1,Spider,Spider,Policeman Flats,PMF,Tetragnathidae,Tetragnathidae,10,Predator,Spider,Secondary Consumer,1.035,BowRiver_SI_Inverts_2_ED,Whole Invertebrate,C and N,23EBRG 128,28-Feb-23,66,1.137,2.71,3.32,-24.3,9.1,43.1,11.6,3.7
H1,COCH_Tetragnatha_SI_3,Spider,Spider,Cochrane,COCH,Tetragnathidae,Tetragnathidae,10,Predator,Spider,Secondary Consumer,1.02,BowRiver_SI_Inverts_2_ED,Whole Invertebrate,C and N,23EBRG 142,28-Feb-23,84,1.16,2.8,3.29,-29,8.8,43.4,11.3,3.9
H2,COCH_Tetragnatha_SI_2,Spider,Spider,Cochrane,COCH,Tetragnathidae,Tetragnathidae,10,Predator,Spider,Secondary Consumer,1.038,BowRiver_SI_Inverts_2_ED,Whole Invertebrate,C and N,23EBRG 143,28-Feb-23,85,1.197,2.89,3.31,-30.1,8.5,43.5,11,4
A7,SUNAL_Tetragnatha_SI_3,Spider,Spider,Sunalta,SUN,Tetragnathidae,Tetragnathidae,10,Predator,Spider,Secondary Consumer,1.104,BowRiver_SI_Inverts_3_ED,Whole Invertebrate,C and N,23EBRG 151,02-Mar-23,6,1.104,2.97,3.56,-26.7,9.7,49,12.6,3.9
B9,GRVBR_Tetragnatha_SI_2,Spider,Spider,Graves Bridge,GRVBR,Tetragnathidae,Tetragnathidae,10,Predator,Spider,Secondary Consumer,1.106,BowRiver_SI_Inverts_3_ED,Whole Invertebrate,C and N,23EBRG 165,02-Mar-23,20,1.106,3.07,3.33,-24.9,13.4,50.5,11.8,4.3
A10,CUSHBR_Araneid_SI_2,Spider,Spider,Cushing Bridge,CUSHBR,Araneidae,Araneidae,9,Predator,Spider,Secondary Consumer,1.168,BowRiver_SI_Inverts_1_ED,Whole Invertebrate,C and N,23EBRG 004,01-Mar-23,9,1.168,3.198,3.81,-26.4,7.8,48.9,12.6,3.9
C5,SUNAL_Araneid_SI_1,Spider,Spider,Sunalta,SUN,Araneidae,Araneidae,9,Predator,Spider,Secondary Consumer,N/A,BowRiver_SI_Inverts_1_ED,Whole Invertebrate,C and N,23EBRG 020,01-Mar-23,N/A,N/A,N/A,N/A,-26.95,8.95,46.9,12.45,3.8
D4,POLFLT_Araneid_SI_2,Spider,Spider,Policeman Flats,PMF,Araneidae,Araneidae,9,Predator,Spider,Secondary Consumer,N/A,BowRiver_SI_Inverts_1_ED,Whole Invertebrate,C and N,23EBRG 031,01-Mar-23,N/A,N/A,N/A,N/A,-25.45,7.75,51.05,12,4.25
E9,COCH_Araneid_SI_1,Spider,Spider,Cochrane,COCH,Araneidae,Araneidae,9,Predator,Spider,Secondary Consumer,1.067,BowRiver_SI_Inverts_1_ED,Whole Invertebrate,C and N,23EBRG 043,01-Mar-23,56,1.067,2.92,3.386,-29.2,7.3,48.4,12.3,3.9
H9,POLFLT_Araneid_SI_3,Spider,Spider,Policeman Flats,PMF,Araneidae,Araneidae,9,Predator,Spider,Secondary Consumer,N/A,BowRiver_SI_Inverts_1_ED,Whole Invertebrate,C and N,23EBRG 075,01-Mar-23,N/A,N/A,N/A,N/A,-25.5,7.5,50.15,12,4.2
A12,COCH_Araneid_SI_2,Spider,Spider,Cochrane,COCH,Araneidae,Araneidae,9,Predator,Spider,Secondary Consumer,1.066,BowRiver_SI_Inverts_2_ED,Whole Invertebrate,C and N,23EBRG 081,28-Feb-23,11,1.066,2.92,3.49,-28.8,9.2,49.6,12.9,3.8
E6,GRVBR_Araneid_SI_3,Spider,Spider,Graves Bridge,GRVBR,Araneidae,Araneidae,9,Predator,Spider,Secondary Consumer,1.047,BowRiver_SI_Inverts_2_ED,Whole Invertebrate,C and N,23EBRG 115,28-Feb-23,53,1.141,3.05,2.9,-26,13.1,48.3,10.1,4.8
E7,POLFLT_Araneid_SI_1,Spider,Spider,Policeman Flats,PMF,Araneidae,Araneidae,9,Predator,Spider,Secondary Consumer,1.017,BowRiver_SI_Inverts_2_ED,Whole Invertebrate,C and N,23EBRG 116,28-Feb-23,54,1.197,2.97,3.17,-24.4,7.8,44.7,10.5,4.3
E8,GRVBR_Araneid_SI_2,Spider,Spider,Graves Bridge,GRVBR,Araneidae,Araneidae,9,Predator,Spider,Secondary Consumer,1.104,BowRiver_SI_Inverts_2_ED,Whole Invertebrate,C and N,23EBRG 117,28-Feb-23,55,1.066,2.8,3.42,-24.2,12.3,47.1,12.7,3.7
E9,SUNAL_Araneid_SI_2,Spider,Spider,Sunalta,SUN,Araneidae,Araneidae,9,Predator,Spider,Secondary Consumer,1.02,BowRiver_SI_Inverts_2_ED,Whole Invertebrate,C and N,23EBRG 118,28-Feb-23,56,1.072,3.01,3.03,-28.6,7.8,50.6,11.2,4.5
F1,GRVBR_Araneid_SI_1,Spider,Spider,Graves Bridge,GRVBR,Araneidae,Araneidae,9,Predator,Spider,Secondary Consumer,1.137,BowRiver_SI_Inverts_2_ED,Whole Invertebrate,C and N,23EBRG 122,28-Feb-23,60,1.131,3.36,3.25,-25.5,12.4,53.9,11.4,4.7
H6,SUNAL_Araneid_SI_3,Spider,Spider,Sunalta,SUN,Araneidae,Araneidae,9,Predator,Spider,Secondary Consumer,N/A,BowRiver_SI_Inverts_2_ED,Whole Invertebrate,C and N,23EBRG 147,28-Feb-23,N/A,N/A,N/A,N/A,-27.7,8,51.45,11.75,4.35
A12,CUSHBR_Araneid_SI_2,Spider,Spider,Cushing Bridge,CUSHBR,Araneidae,Araneidae,9,Predator,Spider,Secondary Consumer,1.12,BowRiver_SI_Inverts_3_ED,Whole Invertebrate,C and N,23EBRG 156,02-Mar-23,11,1.12,2.97,3.43,-26.5,8.6,48.4,12,4
B1,CUSHBR_Araneid_SI_1,Spider,Spider,Cushing Bridge,CUSHBR,Araneidae,Araneidae,9,Predator,Spider,Secondary Consumer,1.14,BowRiver_SI_Inverts_3_ED,Whole Invertebrate,C and N,23EBRG 157,02-Mar-23,12,1.14,3.02,3.67,-26.5,8.9,48.5,12.6,3.9
B2,COCH_Araneid_SI_3,Spider,Spider,Cochrane,COCH,Araneidae,Araneidae,9,Predator,Spider,Secondary Consumer,1.145,BowRiver_SI_Inverts_3_ED,Whole Invertebrate,C and N,23EBRG 158,02-Mar-23,13,1.145,3.01,3.7,-28.3,7.9,48.1,12.7,3.8
B10,SUNAL_Lar_Stonefly_1_SI_2,Larvae,lar_aquatic,Sunalta,SUN,Perlidae,Perlidae Larvae,6,Predator,Aquatic Larvae ,Secondary Consumer,1.044,BowRiver_SI_Inverts_1_ED,Whole Invertebrate,C and N,23EBRG 016,01-Mar-23,21,1.044,3.186,3.303,-28.3,9,54.4,12.2,4.5
C11,POLFLT_Lar_Stonefly_1_SI_2,Larvae,lar_aquatic,Policeman Flats,PMF,Perlidae,Perlidae Larvae,6,Predator,Aquatic Larvae ,Secondary Consumer,1.09,BowRiver_SI_Inverts_1_ED,Whole Invertebrate,C and N,23EBRG 026,01-Mar-23,34,1.09,3.019,3.173,-24.9,8.3,49.3,11.3,4.4
E7,POLFLT_Lar_Stonefly_1_SI_3,Larvae,lar_aquatic,Policeman Flats,PMF,Perlidae,Perlidae Larvae,6,Predator,Aquatic Larvae ,Secondary Consumer,N/A,BowRiver_SI_Inverts_1_ED,Whole Invertebrate,C and N,23EBRG 041,01-Mar-23,N/A,N/A,N/A,N/A,-24.85,7.55,51.35,11.1,4.65
D8,SUNAL_Lar_Stonefly_1_SI_1,Larvae,lar_aquatic,Sunalta,SUN,Perlidae,Perlidae Larvae,6,Predator,Aquatic Larvae ,Secondary Consumer,N/A,BowRiver_SI_Inverts_2_ED,Whole Invertebrate,C and N,23EBRG 110,28-Feb-23,N/A,N/A,N/A,N/A,-29.1,8.65,50.35,10.95,4.6
G10,SUNAL_Lar_Stonefly_1_SI_3,Larvae,lar_aquatic,Sunalta,SUN,Perlidae,Perlidae Larvae,6,Predator,Aquatic Larvae ,Secondary Consumer,N/A,BowRiver_SI_Inverts_2_ED,Whole Invertebrate,C and N,23EBRG 139,28-Feb-23,N/A,N/A,N/A,N/A,-29.25,8.35,56.35,11.25,5
H8,POLFLT_Lar_Stonefly_1_SI_1,Larvae,lar_aquatic,Policeman Flats,PMF,Perlidae,Perlidae Larvae,6,Predator,Aquatic Larvae ,Secondary Consumer,N/A,BowRiver_SI_Inverts_2_ED,Whole Invertebrate,C and N,23EBRG 149,28-Feb-23,N/A,N/A,N/A,N/A,-24.15,7.65,50.2,11.95,4.2
C9,POLFLT_Lar_Stonefly_1_2,Larvae,lar_aquatic,Policeman Flats,PMF,Perlidae,Perlidae Larvae,6,Predator,Aquatic Larvae ,Secondary Consumer,1.165,BowRiver_SI_Inverts_3_ED,Whole Invertebrate,C and N,23EBRG 175,02-Mar-23,33,1.063,3.13,2.8,-31.1,10.1,53.8,10.3,5.2
B1,SUNAL_Lar_Stonefly_2_SI_2,Larvae,lar_aquatic,Sunalta,SUN,Chloroperlidae,Chloroperlidae Larvae,5,Predator,Aquatic Larvae ,Secondary Consumer,1.099,BowRiver_SI_Inverts_1_ED,Whole Invertebrate,C and N,23EBRG 007,01-Mar-23,12,1.099,3.18,2.631,-29,6.8,51.6,9.3,5.6
D7,CUSHBR_Lar_Stonefly_2_SI_3,Larvae,lar_aquatic,Cushing Bridge,CUSHBR,Chloroperlidae,Chloroperlidae Larvae,5,Predator,Aquatic Larvae ,Secondary Consumer,1.04,BowRiver_SI_Inverts_1_ED,Whole Invertebrate,C and N,23EBRG 034,01-Mar-23,42,1.04,2.759,1.905,-29.2,6.6,46.9,7.1,6.6
F5,GRVBR_Lar_Stonefly_2_SI_3,Larvae,lar_aquatic,Graves Bridge,GRVBR,Chloroperlidae,Chloroperlidae Larvae,5,Predator,Aquatic Larvae ,Secondary Consumer,1.015,BowRiver_SI_Inverts_2_ED,Whole Invertebrate,C and N,23EBRG 126,28-Feb-23,64,1.16,2.9,2.16,-28.2,9.4,45.2,7.3,6.1
F8,CUSHBR_Lar_Stonefly_2_SI_1,Larvae,lar_aquatic,Cushing Bridge,CUSHBR,Chloroperlidae,Chloroperlidae Larvae,5,Predator,Aquatic Larvae ,Secondary Consumer,1.063,BowRiver_SI_Inverts_2_ED,Whole Invertebrate,C and N,23EBRG 129,28-Feb-23,67,1.096,2.77,1.75,-29.3,5.8,45.4,6.3,7.2
F9,CUSHBR_Lar_Stonefly_2_SI_2,Larvae,lar_aquatic,Cushing Bridge,CUSHBR,Chloroperlidae,Chloroperlidae Larvae,5,Predator,Aquatic Larvae ,Secondary Consumer,1.121,BowRiver_SI_Inverts_2_ED,Whole Invertebrate,C and N,23EBRG 130,28-Feb-23,68,1.114,3.23,2.18,-29.3,5.3,52.4,7.7,6.8
G6,GRVBR_Lar_Stonefly_2_SI_1,Larvae,lar_aquatic,Graves Bridge,GRVBR,Chloroperlidae,Chloroperlidae Larvae,5,Predator,Aquatic Larvae ,Secondary Consumer,1.112,BowRiver_SI_Inverts_2_ED,Whole Invertebrate,C and N,23EBRG 135,28-Feb-23,77,1.126,3.55,2.98,-28.2,9.9,57.3,10.5,5.5
H9,SUNAL_Lar_Stonefly_2_SI_3,Larvae,lar_aquatic,Sunalta,SUN,Chloroperlidae,Chloroperlidae Larvae,5,Predator,Aquatic Larvae ,Secondary Consumer,1.131,BowRiver_SI_Inverts_2_ED,Whole Invertebrate,C and N,23EBRG 150,28-Feb-23,93,1.128,3.52,2.8,-28.3,6.4,57.1,9.8,5.8
B3,SUNAL_Lar_Stonefly_2_SI_1,Larvae,lar_aquatic,Sunalta,SUN,Chloroperlidae,Chloroperlidae Larvae,5,Predator,Aquatic Larvae ,Secondary Consumer,1.127,BowRiver_SI_Inverts_3_ED,Whole Invertebrate,C and N,23EBRG 159,02-Mar-23,14,1.127,2.97,2.74,-28.5,7,48.2,9.5,5.1
C7,GRVBR_Lar_Stonefly_2_SI_2,Larvae,lar_aquatic,Graves Bridge,GRVBR,Chloroperlidae,Chloroperlidae Larvae,5,Predator,Aquatic Larvae ,Secondary Consumer,1.159,BowRiver_SI_Inverts_3_ED,Whole Invertebrate,C and N,23EBRG 172,02-Mar-23,30,1.159,3.27,2.94,-27.9,9.4,51.7,9.9,5.2
B5,COCH_Ad_Rhya_SI_1,Adult,Ad_aquatic,Cochrane,COCH,Rhyacophilidae,Rhyacophilidae Adult,4,Predator,Aquatic Adult ,Secondary Consumer,N/A,BowRiver_SI_Inverts_1_ED,Whole Invertebrate,C and N,23EBRG 012,02-Mar-23,N/A,N/A,N/A,N/A,-30.65,9.1,55.95,10.6,5.3
C10,SUNAL_Ad_Rhya_SI_1,Adult,Ad_aquatic,Sunalta,SUN,Rhyacophilidae,Rhyacophilidae Adult,4,Predator,Aquatic Adult ,Secondary Consumer,1.121,BowRiver_SI_Inverts_1_ED,Whole Invertebrate,C and N,23EBRG 025,01-Mar-23,33,1.121,3.227,2.852,-31.6,8.6,51.6,9.8,5.2
E8,GRVBR_Ad_Rhya_SI_1,Adult,Ad_aquatic,Graves Bridge,GRVBR,Rhyacophilidae,Rhyacophilidae Adult,4,Predator,Aquatic Adult ,Secondary Consumer,1.069,BowRiver_SI_Inverts_1_ED,Whole Invertebrate,C and N,23EBRG 042,01-Mar-23,55,1.069,3.074,3.135,-26.9,10.3,51.2,11.3,4.5
E10,CUSHBR_Ad_Rhya_SI_1,Adult,Ad_aquatic,Cushing Bridge,CUSHBR,Rhyacophilidae,Rhyacophilidae Adult,4,Predator,Aquatic Adult ,Secondary Consumer,0.912,BowRiver_SI_Inverts_1_ED,Whole Invertebrate,C and N,23EBRG 044,01-Mar-23,57,0.912,2.655,2.297,-26.9,10.4,51.9,9.7,5.3
F5,POLFLT_Ad_Rhya_SI_1,Adult,Ad_aquatic,Policeman Flats,PMF,Rhyacophilidae,Rhyacophilidae Adult,4,Predator,Aquatic Adult ,Secondary Consumer,1.045,BowRiver_SI_Inverts_1_ED,Whole Invertebrate,C and N,23EBRG 051,01-Mar-23,64,1.045,3.044,3.604,-27.6,2.7,51.9,13.3,3.9
E11,COCH_Ad_Rhya_SI_2,Adult,Ad_aquatic,Cochrane,COCH,Rhyacophilidae,Rhyacophilidae Adult,4,Predator,Aquatic Adult ,Secondary Consumer,N/A,BowRiver_SI_Inverts_2_ED,Whole Invertebrate,C and N,23EBRG 120,28-Feb-23,N/A,N/A,N/A,N/A,-23.85,7.9,57.9,10.1,5.75
A11,SUNAL_Ad_Rhya_SI_3,Adult,Ad_aquatic,Sunalta,SUN,Rhyacophilidae,Rhyacophilidae Adult,4,Predator,Aquatic Adult ,Secondary Consumer,N/A,BowRiver_SI_Inverts_3_ED,Whole Invertebrate,C and N,23EBRG 155,02-Mar-23,N/A,N/A,N/A,N/A,-28.85,8.55,53.8,10.05,5.35
B12,SUNAL_Ad_Rhya_SI_2,Adult,Ad_aquatic,Sunalta,SUN,Rhyacophilidae,Rhyacophilidae Adult,4,Predator,Aquatic Adult ,Secondary Consumer,1.201,BowRiver_SI_Inverts_3_ED,Whole Invertebrate,C and N,23EBRG 168,02-Mar-23,23,1.201,3.54,3.08,-33,9.7,54.3,10.1,5.4
C10,COCH_Ad_Rhya_SI_3,Adult,Ad_aquatic,Cochrane,COCH,Rhyacophilidae,Rhyacophilidae Adult,4,Predator,Aquatic Adult ,Secondary Consumer,N/A,BowRiver_SI_Inverts_3_ED,Whole Invertebrate,C and N,23EBRG 174,02-Mar-23,N/A,N/A,N/A,N/A,-28.25,8.95,52.45,10.2,5.15
A11,GRVBR_Coleop_SI_2,Adult,Terrestrial,Graves Bridge,GRVBR,Coleoptera,Coleoptera Adult,11,Predator,Terrestrial Prey,Secondary Consumer,1.012,BowRiver_SI_Inverts_1_ED,Whole Invertebrate,C and N,23EBRG 005,01-Mar-23,10,1.012,2.819,2.84,-24.8,6.8,49.7,10.8,4.6
D10,POLFLT_Coleop_SI_1,Adult,Terrestrial,Policeman Flats,PMF,Coleoptera,Coleoptera Adult,11,Predator,Terrestrial Prey,Secondary Consumer,1.126,BowRiver_SI_Inverts_1_ED,Whole Invertebrate,C and N,23EBRG 037,01-Mar-23,45,1.126,3.263,2.926,-25.3,7.5,52.5,10,5.2
F8,GRVBR_Coleop_SI_3,Adult,Terrestrial,Graves Bridge,GRVBR,Coleoptera,Coleoptera Adult,11,Predator,Terrestrial Prey,Secondary Consumer,1.096,BowRiver_SI_Inverts_1_ED,Whole Invertebrate,C and N,23EBRG 054,01-Mar-23,67,1.096,3.195,2.763,-26.3,5.4,52.5,9.8,5.4
G12,GRVBR_Coleop_SI_1,Adult,Terrestrial,Graves Bridge,GRVBR,Coleoptera,Coleoptera Adult,11,Predator,Terrestrial Prey,Secondary Consumer,1.157,BowRiver_SI_Inverts_1_ED,Whole Invertebrate,C and N,23EBRG 066,01-Mar-23,83,1.157,3.135,3.285,-27,5.9,48.9,11,4.4
A9,GRVBR_Ad_Stonefly_2_SI_1,Adult,Ad_aquatic,Graves Bridge,GRVBR,Chloroperlidae,Chloroperlidae Adult,5,Predator,Aquatic Adult ,Secondary Consumer,1.118,BowRiver_SI_Inverts_1_ED,Whole Invertebrate,C and N,23EBRG 003,01-Mar-23,8,1.118,3.087,2.942,-26.6,10,49.3,10.2,4.8
C7,GRVBR_Ad_Stonefly_2_SI_3,Adult,Ad_aquatic,Graves Bridge,GRVBR,Chloroperlidae,Chloroperlidae Adult,5,Predator,Aquatic Adult ,Secondary Consumer,1.104,BowRiver_SI_Inverts_1_ED,Whole Invertebrate,C and N,23EBRG 022,01-Mar-23,30,1.104,3.259,3.076,-26.7,10.7,52.7,10.8,4.9
D11,COCH_Ad_Stonefly_2_SI_1,Adult,Ad_aquatic,Cochrane,COCH,Chloroperlidae,Chloroperlidae Adult,5,Predator,Aquatic Adult ,Secondary Consumer,1.175,BowRiver_SI_Inverts_2_ED,Whole Invertebrate,C and N,23EBRG 113,28-Feb-23,46,1.121,3.1,3.62,-30.1,7.7,50.1,12.8,3.9
A8,GRVBR_Ad_Stonefly_2_SI_2,Adult,Ad_aquatic,Graves Bridge,GRVBR,Chloroperlidae,Chloroperlidae Adult,5,Predator,Aquatic Adult ,Secondary Consumer,1.044,BowRiver_SI_Inverts_3_ED,Whole Invertebrate,C and N,23EBRG 152,02-Mar-23,7,1.044,2.99,2.89,-25.9,10.5,52.2,10.8,4.8
B3,COCH_Lar_Mayfly_1_SI_1,Larvae,lar_aquatic,Cochrane,COCH,Heptageniidae,Heptageniidae Larvae,7,Scraper,Aquatic Larvae ,Primary Consumer,1.153,BowRiver_SI_Inverts_1_ED,Whole Invertebrate,C and N,23EBRG 009,01-Mar-23,14,1.153,2.763,1.683,-32.7,6.4,42.3,5.6,7.5
B9,GRVBR_Lar_Mayfly_1_SI_3,Larvae,lar_aquatic,Graves Bridge,GRVBR,Heptageniidae,Heptageniidae Larvae,7,Scraper,Aquatic Larvae ,Primary Consumer,1.103,BowRiver_SI_Inverts_1_ED,Whole Invertebrate,C and N,23EBRG 015,01-Mar-23,20,1.103,3.376,2.047,-30.8,9.4,54.5,7.2,7.6
D2,CUSHBR_Lar_Mayfly_1_SI_2,Larvae,lar_aquatic,Cushing Bridge,CUSHBR,Heptageniidae,Heptageniidae Larvae,7,Scraper,Aquatic Larvae ,Primary Consumer,1.116,BowRiver_SI_Inverts_1_ED,Whole Invertebrate,C and N,23EBRG 029,01-Mar-23,37,1.116,3.244,1.969,-31.5,6.5,51.8,6.8,7.6
H4,GRVBR_Lar_Mayfly_1_SI_2,Larvae,lar_aquatic,Graves Bridge,GRVBR,Heptageniidae,Heptageniidae Larvae,7,Scraper,Aquatic Larvae ,Primary Consumer,1.137,BowRiver_SI_Inverts_1_ED,Whole Invertebrate,C and N,23EBRG 070,01-Mar-23,87,1.137,3.226,2.573,-29.6,9.8,50.8,8.8,5.8
C6,GRVBR_Lar_Mayfly_1_SI_1,Larvae,lar_aquatic,Graves Bridge,GRVBR,Heptageniidae,Heptageniidae Larvae,7,Scraper,Aquatic Larvae ,Primary Consumer,1.146,BowRiver_SI_Inverts_2_ED,Whole Invertebrate,C and N,23EBRG 096,28-Feb-23,29,1.113,3.21,2.17,-30.1,9.4,52.3,7.7,6.8
D2,CUSHBR_Lar_Mayfly_1_SI_1,Larvae,lar_aquatic,Cushing Bridge,CUSHBR,Heptageniidae,Heptageniidae Larvae,7,Scraper,Aquatic Larvae ,Primary Consumer,1.029,BowRiver_SI_Inverts_2_ED,Whole Invertebrate,C and N,23EBRG 104,28-Feb-23,37,1.172,2.76,2.44,-30.2,6.5,42.6,8.2,5.2
D3,SUNAL_Lar_Mayfly_1_SI_1,Larvae,lar_aquatic,Sunalta,SUN,Heptageniidae,Heptageniidae Larvae,7,Scraper,Aquatic Larvae ,Primary Consumer,1.02,BowRiver_SI_Inverts_2_ED,Whole Invertebrate,C and N,23EBRG 105,28-Feb-23,38,1.039,3.11,2.69,-30.7,6.7,54.1,10.2,5.3
D4,SUNAL_Lar_Mayfly_1_SI_2,Larvae,lar_aquatic,Sunalta,SUN,Heptageniidae,Heptageniidae Larvae,7,Scraper,Aquatic Larvae ,Primary Consumer,1.038,BowRiver_SI_Inverts_2_ED,Whole Invertebrate,C and N,23EBRG 106,28-Feb-23,39,1.13,2.97,1.9,-31.7,6,47.6,6.6,7.2
D5,SUNAL_Lar_Mayfly_1_SI_3,Larvae,lar_aquatic,Sunalta,SUN,Heptageniidae,Heptageniidae Larvae,7,Scraper,Aquatic Larvae ,Primary Consumer,1.093,BowRiver_SI_Inverts_2_ED,Whole Invertebrate,C and N,23EBRG 107,28-Feb-23,40,1.171,2.84,1.76,-31.1,5.8,44,5.9,7.4
F11,POLFLT_Lar_Mayfly_1_SI_3,Larvae,lar_aquatic,Policeman Flats,PMF,Heptageniidae,Heptageniidae Larvae,7,Scraper,Aquatic Larvae ,Primary Consumer,1.108,BowRiver_SI_Inverts_2_ED,Whole Invertebrate,C and N,23EBRG 132,28-Feb-23,70,1.022,3.13,1.92,-30.7,3.9,55.4,7.4,7.5
F12,COCH_Lar_Mayfly_1_SI_2,Larvae,lar_aquatic,Cochrane,COCH,Heptageniidae,Heptageniidae Larvae,7,Scraper,Aquatic Larvae ,Primary Consumer,1.127,BowRiver_SI_Inverts_2_ED,Whole Invertebrate,C and N,23EBRG 133,28-Feb-23,71,1.09,2.5,2.23,-32.3,6.3,41.1,8.1,5.1
G7,POLFLT_Lar_Mayfly_1_SI_1,Larvae,lar_aquatic,Policeman Flats,PMF,Heptageniidae,Heptageniidae Larvae,7,Scraper,Aquatic Larvae ,Primary Consumer,1.095,BowRiver_SI_Inverts_2_ED,Whole Invertebrate,C and N,23EBRG 136,28-Feb-23,78,1.062,3.7,2.64,-29,5.2,63.6,9.9,6.4
G8,POLFLT_Lar_Mayfly_1_SI_2,Larvae,lar_aquatic,Policeman Flats,PMF,Heptageniidae,Heptageniidae Larvae,7,Scraper,Aquatic Larvae ,Primary Consumer,1.014,BowRiver_SI_Inverts_2_ED,Whole Invertebrate,C and N,23EBRG 137,28-Feb-23,79,1.159,2.89,2.04,-30.8,2.1,45.1,7,6.5
G12,COCH_Lar_Mayfly_1_SI_3,Larvae,lar_aquatic,Cochrane,COCH,Heptageniidae,Heptageniidae Larvae,7,Scraper,Aquatic Larvae ,Primary Consumer,1.086,BowRiver_SI_Inverts_2_ED,Whole Invertebrate,C and N,23EBRG 141,28-Feb-23,83,1.054,3.1,2.41,-33.4,6,53.5,9.1,5.9
C6,POLFLT_Ad_Mayfly_1_SI_1,Adult,Ad_aquatic,Policeman Flats,PMF,Heptageniidae,Heptageniidae Adult,7,Scraper,Aquatic Adult ,Primary Consumer,1.184,BowRiver_SI_Inverts_1_ED,Whole Invertebrate,C and N,23EBRG 021,01-Mar-23,29,1.184,3.167,4.691,-25,8,47.5,15.3,3.1
G8,SUNAL_Ad_Mayfly_1_SI_1,Adult,Ad_aquatic,Sunalta,SUN,Heptageniidae,Heptageniidae Adult,7,Scraper,Aquatic Adult ,Primary Consumer,1.024,BowRiver_SI_Inverts_1_ED,Whole Invertebrate,C and N,23EBRG 062,01-Mar-23,79,1.024,2.88,3.474,-27.7,6.9,50,13.2,3.8
B8,GRVBR_Ad_Mayfly_1_SI_1,Adult,Ad_aquatic,Graves Bridge,GRVBR,Heptageniidae,Heptageniidae Adult,7,Scraper,Aquatic Adult ,Primary Consumer,1.112,BowRiver_SI_Inverts_2_ED,Whole Invertebrate,C and N,23EBRG 089,28-Feb-23,19,1.112,3.5,3.2,-27.3,9.6,57,11.4,5
C12,CUSHBR_Ad_Mayfly_1_SI_1,Adult,Ad_aquatic,Cushing Bridge,CUSHBR,Heptageniidae,Heptageniidae Adult,7,Scraper,Aquatic Adult ,Primary Consumer,N/A,BowRiver_SI_Inverts_2_ED,Whole Invertebrate,C and N,23EBRG 102,28-Feb-23,N/A,N/A,N/A,N/A,-28.9,9.45,53.9,12.8,4.2
